Name,Price,Image URL
Triomega Stip Of 15 Softgel Capsules,₹257,https://cdn01.pharmeasy.in/dam/products_otc/194811/triomega-stip-of-15-softgel-capsules-1-1707202582.jpg?dim=700x0&dpr=1&q=100
Everherb (By Pharmeasy) Shilajit 500mg-Vigour Improvement-Strength & Stamina For Men-Bottle Of 60,₹999,https://cdn01.pharmeasy.in/dam/products_otc/N70299/everherb-by-pharmeasy-shilajit-500mg-vigour-improvement-strength-stamina-for-men-bottle-of-60-6.01-1727327652.jpg?dim=700x0&dpr=1&q=100
Nutrabay Pro Zinc Magnesium With Vitamin B6 (Zma) | Anti Stress & Anxiety Relief - 60 Veg Tablets,₹629,https://cdn01.pharmeasy.in/dam/products_otc/O72393/nutrabay-pro-zinc-magnesium-with-vitamin-b6-zma-anti-stress-anxiety-relief-60-veg-tablets-2-1737940488.jpg?dim=700x0&dpr=1&q=100
Pure Nutrition Vitamin C L Vitamin C Tablets For Immunity & Glowing Skin L - 60 Tablets,₹599,https://cdn01.pharmeasy.in/dam/products_otc/E34698/pure-nutrition-vitamin-c-l-vitamin-c-tablets-for-immunity-glowing-skin-l-60-tablets-2-1676281059.jpg?dim=700x0&dpr=1&q=100
Healthkart Hk Vitals Marine Collagen Supplement (Watermelon | 200g) |Vitamin C | E,₹1099,https://cdn01.pharmeasy.in/dam/products_otc/K15204/healthkart-hk-vitals-skin-radiance-collagen-powder-watermelon-jar-200-gm-2-1727134596.jpg?dim=700x0&dpr=1&q=100
"Jubilant Nutrihance Omega Max Fish Oil Capsule For Men And Women, 30 Softgel Capsules",₹670,https://cdn01.pharmeasy.in/dam/products_otc/C76327/jubilant-nutrihance-omega-max-fish-oil-capsule-for-men-and-women-30-softgel-capsules-2-1722690097.jpg?dim=700x0&dpr=1&q=100
My Natural Haemoglobin Support |Right Health| Plant-Based Iron Supplement With Folic Acid,₹499,https://cdn01.pharmeasy.in/dam/products_otc/G55961/my-natural-haemoglobin-support-right-health-plant-based-iron-supplement-with-folic-acid-2-1720411275.jpg?dim=700x0&dpr=1&q=100
Pharmeasy Joint Support - Maintains Joints Mobility - Bone & Joint Health - Bottle Of 60,₹799,https://cdn01.pharmeasy.in/dam/products_otc/B19345/pharmeasy-joint-support-maintains-joints-mobility-bone-joint-health-bottle-of-60-6.1-1736411235.jpg?dim=700x0&dpr=1&q=100
Inlife Calcium Magnesium Zinc Vitamin D K2 Folic Acid & B12- Bone & Joint Supplement- 120 Tablets,₹899,https://cdn01.pharmeasy.in/dam/products_otc/X13947/inlife-calcium-magnesium-zinc-vitamin-d-k2-folic-acid-b12-bone-joint-supplement-120-tablets-2-1727133826.jpg?dim=700x0&dpr=1&q=100
Nutrija Eca Plus - Strongest Eca Version Stack Of 10 Powerful Weight Loss Ingredients - 60 Servings,₹1999,https://cdn01.pharmeasy.in/dam/products_otc/W20097/nutrija-eca-plus-strongest-eca-version-stack-of-10-powerful-weight-loss-ingredients-60-servings-2-1711959927.jpg?dim=700x0&dpr=1&q=100
Pharmeasy Vitamin B Complex With Folic Acid - Improves Energy - Heart & Eye Health - Bottle Of 60,₹649,https://cdn01.pharmeasy.in/dam/products_otc/P71315/pharmeasy-vitamin-b-complex-with-folic-acid-improves-energy-heart-eye-health-bottle-of-60-6.1-1733729443.jpg?dim=700x0&dpr=1&q=100
Dr. Morepen Iron & Zinc Tablets With Vitamin C & B12 Hemoglobin Booster - 60 Veg Tablets,₹599,https://cdn01.pharmeasy.in/dam/products_otc/O04008/dr-morepen-iron-zinc-tablets-with-vitamin-c-b12-hemoglobin-booster-60-veg-tablets-2-1692775649.jpg?dim=700x0&dpr=1&q=100
Dr. Morepen Omega 3 Deep Sea Fish Oil With 300 Mg Dha | & Vitamin A | D3 | E & K27|60 Softgel,₹549,https://cdn01.pharmeasy.in/dam/products_otc/H17951/dr-morepen-omega-3-deep-sea-fish-oil-with-300-mg-dha-vitamin-a-d3-e-k2760-softgel-2-1704787439.jpg?dim=700x0&dpr=1&q=100
Pharmeasy Calcium Magnesium Vitamin D3 & Zinc - Bones & Dental Health - Bottle 60,₹599,https://cdn01.pharmeasy.in/dam/products_otc/G67452/pharmeasy-calcium-magnesium-vitamin-d3-zinc-bones-dental-health-bottle-60-6.1-1731322464.jpg?dim=700x0&dpr=1&q=100
Vidavance Advanced Chocolate Diabetes Care Powder Jar Of 200 G,₹540,https://cdn01.pharmeasy.in/dam/products_otc/I46318/vidavance-advanced-chocolate-diabetes-care-powder-jar-of-200-g-6.1-1724920823.jpg?dim=700x0&dpr=1&q=100
Pharmeasy Glutathione - Promotes Healthy Skin - Reverses Signs Of Ageing - Bottle Of 30,₹1399,https://cdn01.pharmeasy.in/dam/products_otc/G70731/pharmeasy-glutathione-promotes-healthy-skin-reverses-signs-of-ageing-bottle-of-30-6.1-1731324402.jpg?dim=700x0&dpr=1&q=100
Healthkart Hk Vitals Multivitamin (60 Tablets) | For Men And Women | With Zinc | Vitamin C,₹529,https://cdn01.pharmeasy.in/dam/products_otc/K35832/healthkart-hk-vitals-multivitamin-tablets-immunity-amino-acids-bottle-60-count-2-1727134517.jpg?dim=700x0&dpr=1&q=100
D-Protin Vanilla Flavour Sugar Free Diabetes Care Powder Bottle Of 200gm,₹325,https://cdn01.pharmeasy.in/dam/products_otc/051140/d-protin-vanilla-flavour-sugar-free-diabetes-care-powder-bottle-of-200gm-2-1729512489.jpg?dim=700x0&dpr=1&q=100
Celevida Nutrition Drink For Diabetes Care & Immunity Support Kesar Elaichi - 200g,₹460,https://cdn01.pharmeasy.in/dam/products_otc/M95641/dr-reddys-celevida-nutrition-drink-for-diabetes-care-immunity-support-kesar-elaichi-200g-2-1671712001.jpg?dim=700x0&dpr=1&q=100
Pharmeasy Vitamin C (990mg) With Zinc (10mg) - Powerful Immunity Booster - 60 Veg Tablets,₹799,https://cdn01.pharmeasy.in/dam/products_otc/Z08870/pharmeasy-vitamin-c-990mg-with-zinc-10mg-powerful-immunity-booster-60-veg-tablets-6.01-1736147742.jpg?dim=700x0&dpr=1&q=100
Neurobion Forte Strip Of 30 Tablets,₹46.1,https://cdn01.pharmeasy.in/dam/products_otc/I09432/neurobion-forte-strip-of-30-tablets-6.1-1739595115.jpg?dim=700x0&dpr=1&q=100
Fij Ayurveda Omega 3 Fish Oil (180 Mg Epa & 120 Mg Dha) - 500mg 60 Softgel Capsules,₹699,https://cdn01.pharmeasy.in/dam/products_otc/F80949/fij-ayurveda-omega-3-fish-oil-180-mg-epa-120-mg-dha-500mg-60-softgel-capsules-2-1717743550.jpg?dim=700x0&dpr=1&q=100
Kapiva Organic Gulkand - Natural Rich In Calcium And Antioxidants - 300g,₹549,https://cdn01.pharmeasy.in/dam/products_otc/C84763/kapiva-organic-gulkand-natural-rich-in-calcium-and-antioxidants-300g-2-1671742489.jpg?dim=700x0&dpr=1&q=100
Pure Nutrition Magnesium Glycinate Tablets For Bone And Muscle Health 60 Veg Tablets,₹649,https://cdn01.pharmeasy.in/dam/products_otc/G02571/pure-nutrition-magnesium-glycinate-tablets-for-bone-and-muscle-health-60-veg-tablets-2-1677732518.jpg?dim=700x0&dpr=1&q=100
Melatonin 3 Mg For Sleep Aid,₹750,https://cdn01.pharmeasy.in/dam/products_otc/Z12582/melatonin-3-mg-for-sleep-aid-2-1710317803.jpg?dim=700x0&dpr=1&q=100
Briyocal D3 60k - Vitamin D3 (Choleclaciferol) 60000 Iu - 4 Caspules For Once A Week Use,₹99,https://cdn01.pharmeasy.in/dam/products_otc/D23875/briyocal-d3-60k-vitamin-d3-choleclaciferol-60000-iu-4-caspules-for-once-a-week-use-2-1691046886.jpg?dim=700x0&dpr=1&q=100
Ensure Diabetes Care Specialized Nutrition Drink Vanilla - 1kg Box,₹2120,https://cdn01.pharmeasy.in/dam/products_otc/W14725/ensure-diabetes-care-specialized-nutrition-drink-vanilla-1kg-box-1-1697098358.jpg?dim=700x0&dpr=1&q=100
Wellbeing Nutrition Melts Restful Sleep-Melatonin 10mg For Natural Sleep Cycle 30 Oral Strips,₹649,https://cdn01.pharmeasy.in/dam/products_otc/G32088/wellbeing-nutrition-melts-restful-sleep-melatonin-10mg-for-natural-sleep-cycle-30-oral-strips-2-1689314676.jpg?dim=700x0&dpr=1&q=100
Everherb (By Pharmeasy) Jointcare-Blend Of 9 Powerful Herbs-Joint & Bone Health-Bottle Of 60 Tablets,₹999,https://cdn01.pharmeasy.in/dam/products_otc/Y79593/everherb-by-pharmeasy-jointcare-blend-of-9-powerful-herbs-joint-bone-health-bottle-of-60-tablets-6.01-1741175037.jpg?dim=700x0&dpr=1&q=100
Swisse Ultiboost Odourless Strength Wild Fish Oil -Omega 3 -Heart Brain & Eye Health- 200 Caps,₹2599,https://cdn01.pharmeasy.in/dam/products_otc/E24840/swisse-ultiboost-odourless-strength-wild-fish-oil-omega-3-heart-brain-eye-health-200-caps-2-1654169659.jpg?dim=700x0&dpr=1&q=100
Kapiva Shilajit Gold Resin - 40g | Helps In Boosting Stamina | 100% Ayurvedic,₹3598,https://cdn01.pharmeasy.in/dam/products_otc/P58531/kapiva-shilajit-gold-resin-40g-helps-in-boosting-stamina-100-ayurvedic-2-1707273475.jpg?dim=700x0&dpr=1&q=100
Celevida Nutrition Drink For Diabetes Care & Immunity Support Kesar Elaichi | 400g | Tin,₹790,https://cdn01.pharmeasy.in/dam/products_otc/X55083/celevida-nutrition-drink-for-diabetes-care-immunity-support-kesar-elaichi-400g-tin-2-1728992290.jpg?dim=700x0&dpr=1&q=100
Dr. Morepen Multivitamins For Men With Omega 3 & Herbs - 60 Veg Tablets,₹999,https://cdn01.pharmeasy.in/dam/products_otc/H92079/dr-morepen-multivitamins-for-men-with-omega-3-herbs-60-veg-tablets-2-1678945204.jpg?dim=700x0&dpr=1&q=100
Health Ok Multivitamin With Vitamin D C & Other 17 Multivitamins Minerals 10 Tablets X Pack Of 3,₹330,https://cdn01.pharmeasy.in/dam/products_otc/G34227/health-ok-multivitamin-with-vitamin-d-c-other-17-multivitamins-minerals-10-tablets-x-pack-of-3-2-1686550148.jpg?dim=700x0&dpr=1&q=100
Wellbeing Nutrition Melts Vegan Vitamin B12 + Folate For Mood & Memory 30 Strips,₹649,https://cdn01.pharmeasy.in/dam/products_otc/S88181/wellbeing-nutrition-melts-vegan-vitamin-b12-folate-for-mood-memory-30-strips-2-1730948783.jpg?dim=700x0&dpr=1&q=100
Pharmeasy Iron+Folic Acid With Zinc | Vitamin C &B12 - Maintains Overall Health - Bottle Of 60,₹599,https://cdn01.pharmeasy.in/dam/products_otc/O80793/pharmeasy-ironfolic-acid-with-zinc-vitamin-c-b12-maintains-overall-health-bottle-of-60-6.1-1733479303.jpg?dim=700x0&dpr=1&q=100
Triomega Boost Strip Of 15 Softgels,₹321,https://cdn01.pharmeasy.in/dam/products_otc/G04057/triomega-boost-strip-of-15-softgels-1-1697443976.jpg?dim=700x0&dpr=1&q=100
New Multivite Fm Omega Multivitamin Multimineral Nutritional Supplement Bottle Of 30 Softgels,₹142,https://cdn01.pharmeasy.in/dam/products_otc/I47781/new-multivite-fm-omega-multivitamin-multimineral-nutritional-supplement-bottle-of-30-softgels-2-1692797157.jpg?dim=700x0&dpr=1&q=100
Osteocare Suspension-Calcium Magnesium Zinc & Vitamin D3 Suspension 200ml,₹185,https://cdn01.pharmeasy.in/dam/products_otc/B92528/osteocare-suspension-calcium-magnesium-zinc-vitamin-d3-suspension-200ml-1-1727326149.jpg?dim=700x0&dpr=1&q=100
"Bliss Welness Vitamin D3 & K2 For Support Immunity, Bone&Heart Supplement|For Men&Women - 60 Tablets",₹599,https://cdn01.pharmeasy.in/dam/products_otc/R88407/bliss-welness-vitamin-d3-k2-600-iu-supplement-joint-support-stronger-bones-immunity-60-tablets-2-1723784967.jpg?dim=700x0&dpr=1&q=100
Purna Ashwagandha Wild Berry Flavor Gummies For Decrease Stress Level 30 Day Pack,₹499,https://cdn01.pharmeasy.in/dam/products_otc/G98336/purna-ashwagandha-wild-berry-flavor-gummies-for-decrease-stress-level-30-day-pack-2-1701765962.jpg?dim=700x0&dpr=1&q=100
Vlado'S Himalayan Organics Calcium Magnesium Zinc Vitamin D3 & B12- 120 Vegetarian Tablets,₹1008,https://cdn01.pharmeasy.in/dam/products_otc/J22102/vlados-himalayan-organics-calcium-magnesium-zinc-vitamin-d3-b12-120-vegetarian-tablets-2-1741330273.jpg?dim=700x0&dpr=1&q=100
"Natures Velvet Vitamin C 1000mg, 60 Tablets",₹1500,https://cdn01.pharmeasy.in/dam/products_otc/X77943/natures-velvet-vitamin-c-1000mg-60-tablets-2-1713152676.jpg?dim=700x0&dpr=1&q=100
Healthkart Hk Vitals Marine Collagen Supplement (Orange | 200g) | Vitamin C | E,₹1099,https://cdn01.pharmeasy.in/dam/products_otc/Q97016/healthkart-hk-vitals-skin-radiance-collagen-reduce-hair-loss-biotin-orange-jar-200-gm-2-1727133694.jpg?dim=700x0&dpr=1&q=100
Dr. Morepen Fat Burner With Green Coffee Garcinia Cla Green Tea & Weight Loss Supplement - 60 Veg,₹999,https://cdn01.pharmeasy.in/dam/products_otc/Q47568/dr-morepen-fat-burner-with-green-coffee-garcinia-cla-green-tea-weight-loss-supplement-60-veg-2-1726462810.jpg?dim=700x0&dpr=1&q=100
Healthkart Hk Vitals Vitamin D3 (600 Iu) (60 Capsules) | With Sunflower Oil,₹529,https://cdn01.pharmeasy.in/dam/products_otc/G78594/healthkart-hk-vitals-vitamin-d3-2000-iu-support-strong-bone-muscles-bottle-60-capsules-2-1727134490.jpg?dim=700x0&dpr=1&q=100
Wellbeing Nutrition Melts Healthy Hair Natural Biotin From Sesbania 10000mcg 30 Oral Thin Strips,₹649,https://cdn01.pharmeasy.in/dam/products_otc/U06118/wellbeing-nutrition-melts-healthy-hair-natural-biotin-from-sesbania-10000mcg-30-oral-thin-strips-2-1726898714.jpg?dim=700x0&dpr=1&q=100
Dr. Morepen Omega 3 Deep Sea Fish Oil Capsules For Healthy Heart Brain & Joints - 60 Softgels,₹549,https://cdn01.pharmeasy.in/dam/products_otc/M56478/dr-morepen-omega-3-deep-sea-fish-oil-capsules-for-healthy-heart-brain-joints-60-softgels-2-1693909626.jpg?dim=700x0&dpr=1&q=100
Truebasics Omega 3 Fish Oil Capsules - 30 Capsules,₹499,https://cdn01.pharmeasy.in/dam/products_otc/H75028/truebasics-omega-3-fish-oil-capsules-30-capsules-2-1716435989.jpg?dim=700x0&dpr=1&q=100
Genone Calgen D3 60k Vitamin D3 For Boosting Immunity | Healthy Bones And Strong Muscles (20 Caps),₹495,https://cdn01.pharmeasy.in/dam/products_otc/J96673/genone-calgen-d3-60k-vitamin-d3-for-boosting-immunity-healthy-bones-and-strong-muscles-20-caps-2-1710155204.jpg?dim=700x0&dpr=1&q=100
Healthkart Hk Vitals Calcium Magnesium & Zinc (90 Tablets) | With Vitamin D3 | Calcium Supplement,₹699,https://cdn01.pharmeasy.in/dam/products_otc/B01735/healthkart-hk-vitals-calciummagnesiumzinc-tablets-bone-health-bottle-90-count-2-1727133645.jpg?dim=700x0&dpr=1&q=100
Revital H Woman Multivitamin With Calcium Zinc Ginseng For Immunity Strong Bones & Energy 30 Tablets,₹400,https://cdn01.pharmeasy.in/dam/products_otc/I00596/revital-h-woman-multivitamin-with-calcium-zinc-ginseng-for-immunity-strong-bones-energy-30-tablets-6.1-1729854134.jpg?dim=700x0&dpr=1&q=100
Purna Gummies Complete Beauty Multivitamin Strawberry Gummies - 30,₹499,https://cdn01.pharmeasy.in/dam/products_otc/Z78340/purna-gummies-complete-beauty-multivitamin-strawberry-gummies-30-2-1701764291.jpg?dim=700x0&dpr=1&q=100
Everherb (By Pharmeasy) Pain Relief Oil - Blend Of 8 Powerful Herbal Ingredients - 100 Ml,₹399,https://cdn01.pharmeasy.in/dam/products_otc/K40120/everherb-by-pharmeasy-pain-relief-oil-blend-of-8-powerful-herbal-ingredients-100-ml-6.01-1727327547.jpg?dim=700x0&dpr=1&q=100
Healthkart Hk Vitals Omega 3 (90 Fish Oil Capsules) | 1000mg Omega 3 With 180mg Epa & 120mg Dha,₹699,https://cdn01.pharmeasy.in/dam/products_otc/P64760/healthkart-hk-vitals-fish-oil-supplement-omega-3-bottle-90-count-2-1727133937.jpg?dim=700x0&dpr=1&q=100
Oziva Biotin 10000+ Mcg (With Amla | Sesbania) | Natural Biotin For Hair Growth & Skin 125gm,₹699,https://cdn01.pharmeasy.in/dam/products_otc/G39500/oziva-plant-based-biotin-10000mcg-biotn-for-hair-growth-125g-clean-vegan-2-1693477898.jpg?dim=700x0&dpr=1&q=100
Healthbest Kidbest Vitamin C + Zinc Gummies For Kids|Immunity Booster|30 Gummies,₹549,https://cdn01.pharmeasy.in/dam/products_otc/C94300/healthbest-kidbest-vitamin-c-zinc-gummies-for-kidsimmunity-booster30-gummies-2-1671742727.jpg?dim=700x0&dpr=1&q=100
Diataal-D Multivitamin | Vit. D & Ala | Sustained Energy | Heart Health | 10 Capsules | Men & Women,₹135,https://cdn01.pharmeasy.in/dam/products_otc/055866/diataal-d-multivitamin-vit-d-ala-sustained-energy-heart-health-10-capsules-men-women-6.1-1740549724.jpg?dim=700x0&dpr=1&q=100
Vidaslim Meal Replacement Health Shake For Weight Management Caffe Latte Flavour Jar Of 400gm,₹1445,https://cdn01.pharmeasy.in/dam/products_otc/N72494/vidaslim-meal-replacement-for-weight-management-caffe-latte-flavour-jar-of-400gm-6.1-1709102015.jpg?dim=700x0&dpr=1&q=100
Fytika Omega1000mg Bottle Of 60 Softgel Capsules,₹1199,https://cdn01.pharmeasy.in/dam/products_otc/T94511/fytika-omega1000mg-bottle-of-60-softgel-capsules-2-1725967323.jpg?dim=700x0&dpr=1&q=100
Healthkart Hk Vitals Iron + Folic Acid Supplement (60 Capsules) | With Zinc | Vitamin C Vitamin B12,₹469,https://cdn01.pharmeasy.in/dam/products_otc/C21615/healthkart-hk-vitals-iron-folic-acid-supplement-tablet-boost-immunity-bottle-60-count-2-1727133627.jpg?dim=700x0&dpr=1&q=100
Dr. Morepen Multivitamin Women & Biotin+ Tablets For Immunity Skin & Hair,₹1998,https://cdn01.pharmeasy.in/dam/products_otc/H47702/dr-morepen-multivitamin-women-biotin-tablets-for-immunity-skin-hair-2-1692775966.jpg?dim=700x0&dpr=1&q=100
Ultra D3 Natural Pineapple Flavour 400iu Vitamin D3 For Infants Vitamin Drops Bottle Of 15 Ml,₹43.84,https://cdn01.pharmeasy.in/dam/products_otc/P26899/ultra-d3-natural-pineapple-flavour-400iu-vitamin-d3-for-infants-vitamin-drops-bottle-of-15-ml-2-1697181631.jpg?dim=700x0&dpr=1&q=100
Revital H Woman Multivitamin With Calcium Zinc Ginseng For Immunity & Energy Strip Of 10 Tablets,₹125,https://cdn01.pharmeasy.in/dam/products_otc/311270/revital-h-woman-multivitamin-with-calcium-zinc-ginseng-for-immunity-energy-strip-of-10-tablets-6.1-1729854341.jpg?dim=700x0&dpr=1&q=100
Calcimax 500 Health Supplement Tablets (500 Mg Of Calcium) Strip Of 30,₹405,https://cdn01.pharmeasy.in/dam/products_otc/031531/calcimax-500-health-supplement-tablets-500-mg-of-calcium-box-of-30-2-1702961571.jpg?dim=700x0&dpr=1&q=100
Healthkart Hk Vitals Calcium Magnesium & Zinc (60 Tablets) | With Vitamin D3 | Calcium Supplement,₹419,https://cdn01.pharmeasy.in/dam/products_otc/N58719/healthkart-hk-vitals-calciummagnesiumzinc-tablets-bone-strength-bottle-60-tablets-2-1727134433.jpg?dim=700x0&dpr=1&q=100
Muscleblaze Omega 3 Fish Oil Gold | 3x Triple Strength | 60 Omega 3 Fish Oil Capsules,₹1349,https://cdn01.pharmeasy.in/dam/products_otc/K55353/muscleblaze-omega-3-fish-oil-gold-3x-triple-strength-60-omega-3-fish-oil-capsules-2-1706527372.jpg?dim=700x0&dpr=1&q=100
Pure Nutrition Omega 3-5-6-7-9 Fpr Brain And Heart Health 30 Capsules,₹999,https://cdn01.pharmeasy.in/dam/products_otc/T25761/pure-nutrition-omega-3-5-6-7-9-fpr-brain-and-heart-health-60-capsules-2-1677731804.jpg?dim=700x0&dpr=1&q=100
D-Protin Vanilla Diabetes Care Powder Bottle Of 500 G,₹695,https://cdn01.pharmeasy.in/dam/products_otc/264360/d-protin-vanilla-diabetes-care-powder-bottle-of-500-g-2-1669655181.jpg?dim=700x0&dpr=1&q=100
Fij Ayurveda Multivitamin Capsule With Vitamins | Minerals & Herbs - 60 Veg Capsules,₹999,https://cdn01.pharmeasy.in/dam/products_otc/S84105/fij-ayurveda-multivitamin-capsule-with-vitamins-minerals-herbs-60-veg-capsules-2-1689395413.jpg?dim=700x0&dpr=1&q=100
Nutrihance Multiomega 100% Vegan Omega Softgel (30 Veg Softgels) Support Heart | Nerve Renal Health,N/A,https://cdn01.pharmeasy.in/dam/products_otc/R74778/nutrihance-multiomega-100-vegan-omega-softgel-30-veg-softgels-support-heart-nerve-renal-health-2-1647422871.jpg?dim=700x0&dpr=1&q=100
Everherb (By Pharmeasy) Amla Juice-Rich In Vitamin C-Natural Immunity Booster - 1 Litre Bottle,₹399,https://cdn01.pharmeasy.in/dam/products_otc/D92359/everherb-by-pharmeasy-amla-juice-rich-in-vitamin-c-natural-immunity-booster-1-litre-bottle-2-1723875431.jpg?dim=700x0&dpr=1&q=100
Dr. Morepen Multivitamins For Women With Calcium & Herbal Extracts - 60 Veg,₹999,https://cdn01.pharmeasy.in/dam/products_otc/M30480/dr-morepen-multivitamins-for-women-with-calcium-herbal-extracts-60-veg-2-1678945331.jpg?dim=700x0&dpr=1&q=100
Pharmeasy Fish Oil 1000mg Soft Gelatin 60 Capsules,₹649,https://cdn01.pharmeasy.in/dam/products_otc/S31892/pharmeasy-fish-oil-1000mg-soft-gelatin-60-capsules-6.1-1731323235.jpg?dim=700x0&dpr=1&q=100
Liveasy Wellness Calcium Magnesium Vitamin D3 & Zinc - Bones & Dental Health - Bottle 60 Tabs,₹599,https://cdn01.pharmeasy.in/dam/products_otc/T22634/liveasy-wellness-calcium-magnesium-vitamin-d3-zinc-bones-dental-health-bottle-60-tabs-6.1-1733485732.jpg?dim=700x0&dpr=1&q=100
Everherb (By Pharmeasy) Neem - Immunity Booster - Hair & Skin Detoxifier - Bottle Of 60,₹599,https://cdn01.pharmeasy.in/dam/products_otc/D41806/everherb-by-pharmeasy-neem-immunity-booster-hair-skin-detoxifier-bottle-of-60-6.1-1732283466.jpg?dim=700x0&dpr=1&q=100
Healthkart Hk Vitals Glutathione With Vitamin C For Clear Skin (30 No),₹999,https://cdn01.pharmeasy.in/dam/products_otc/K27199/healthkart-hk-vitals-glutathione-with-vitamin-c-for-clear-skin-30-no-2-1738030635.jpg?dim=700x0&dpr=1&q=100
Himalaya Wellness Ayurslim Weight Management Capsules Bottle Of 60,₹340,https://cdn01.pharmeasy.in/dam/products_otc/090305/himalaya-wellness-ayurslim-weight-management-capsules-bottle-of-60-2-1674540527.jpg?dim=700x0&dpr=1&q=100
Nutrabay Wellness Fish Oil Omega 3 - 1000mg - 60 Capsules,₹599,https://cdn01.pharmeasy.in/dam/products_otc/G34072/nutrabay-wellness-fish-oil-omega-3-1000mg-60-capsules-2-1737940687.jpg?dim=700x0&dpr=1&q=100
Nutrija Calcium Magnesium Zinc With Vitamin D3 | Boron | K2 & B12 (60 Capsules),₹500,https://cdn01.pharmeasy.in/dam/products_otc/R70146/nutrija-calcium-magnesium-zinc-with-vitamin-d3-boron-k2-b12-60-capsules-2-1714626025.jpg?dim=700x0&dpr=1&q=100
Protinex Diabetes Care Vanilla 400gm Nutrition Drink For Indian Adults To Control Blood Sugar Jar,₹760,https://cdn01.pharmeasy.in/dam/products_otc/M01493/protinex-diabetes-care-vanilla-400gm-nutrition-drink-for-indian-adults-to-control-blood-sugar-jar-2-1719469507.jpg?dim=700x0&dpr=1&q=100
Becozym C Forte B Complex With Vitamin C And Biotin Strip Of 20 Tablets,₹44,https://cdn01.pharmeasy.in/dam/products_otc/X62899/becozym-c-forte-strip-of-20-tablets-6.1-1704173211.jpg?dim=700x0&dpr=1&q=100
Inlife Vitamin D3 10000iu Chewable Tablets Cholecalciferol Supplement For Men And Women - 60 Tablets,₹549,https://cdn01.pharmeasy.in/dam/products_otc/J54103/inlife-vitamin-d3-10000iu-chewable-tablets-cholecalciferol-supplement-for-men-and-women-60-tablets-2-1741329967.jpg?dim=700x0&dpr=1&q=100
Nveda Omega-3 Fish Oil | 60 Softgels,₹680,https://cdn01.pharmeasy.in/dam/products_otc/R22954/nveda-omega-3-fish-oil-60-softgels-2-1710318331.jpg?dim=700x0&dpr=1&q=100
Healthbest Kidbest Multivitamin & Multimineral Syrup For Kids|Zinc|Iodine|Vitamin A C& E|200ml,₹299,https://cdn01.pharmeasy.in/dam/products_otc/B39046/healthbest-kidbest-multivitamin-multimineral-syrup-for-kidszinciodinevitamin-a-c-e200ml-2-1671742814.jpg?dim=700x0&dpr=1&q=100
Inlife Vitamin B12 1500 Mcg With B1 B5 B6 Folic Acid Inositol Supplements - 60 Tablets,₹600,https://cdn01.pharmeasy.in/dam/products_otc/E66813/inlife-vitamin-b12-1500-mcg-with-b1-b5-b6-folic-acid-inositol-supplements-60-tablets-6.1-1703055936.jpg?dim=700x0&dpr=1&q=100
Inlife Vitamin D3 Cholecalciferol Supplement For Men Women 5000 Iu - 60 Liquid Filled Capsules,₹799,https://cdn01.pharmeasy.in/dam/products_otc/A67967/inlife-vitamin-d3-cholecalciferol-supplement-for-men-women-5000-iu-60-liquid-filled-capsules-2-1671743476.jpg?dim=700x0&dpr=1&q=100
"Nutrabay Pro Active Multivitamin For Women - Iron, Multivitamins And Multiminerals - 30 Veg Tablets",₹299,https://cdn01.pharmeasy.in/dam/products_otc/A59170/nutrabay-pro-active-multivitamin-for-women-iron-multivitamins-and-multiminerals-30-veg-tablets-2-1737941029.jpg?dim=700x0&dpr=1&q=100
Dr. Morepen Biotin+ Advanced For Hair Growth Glowing Skin & Healthy Nails - 60 Veg Tablets,₹999,https://cdn01.pharmeasy.in/dam/products_otc/J85112/dr-morepen-biotin-advanced-for-hair-growth-glowing-skin-healthy-nails-60-veg-tablets-2-1725965733.jpg?dim=700x0&dpr=1&q=100
Healthkart Hk Vitals Calcium+Magnesium+Zinc Vitamin D3 | Bone Health (120 Tablets) (2 X 60 Tablets),₹838,https://cdn01.pharmeasy.in/dam/products_otc/S07364/healthkart-hk-vitals-calciummagnesiumzinc-vitamin-d3-bone-health-120-tablets-2-x-60-tablets-2-1729741104.jpg?dim=700x0&dpr=1&q=100
Everherb (By Pharmeasy) Fat Burner|Natural Herbal Blend|Accelerates Calorie Burning - 60,₹799,https://cdn01.pharmeasy.in/dam/products_otc/J29227/everherb-by-pharmeasy-fat-burnernatural-herbal-blendaccelerates-calorie-burning-60-6.01-1741172306.jpg?dim=700x0&dpr=1&q=100
Healthkart Hk Vitals Fish Oil (90 Capsules) | For Men And Women | 1000mg Omega 3,₹1000,https://cdn01.pharmeasy.in/dam/products_otc/Y03384/healthkart-hk-vitals-fish-oil-capsules-muscle-building-heart-health-bottle-90-count-2-1727133883.jpg?dim=700x0&dpr=1&q=100
Healthkart Hk Vitals Biotin (60 Tablets) | Supplement For Hair Growth | Strong Hair And Glowing Skin,₹499,https://cdn01.pharmeasy.in/dam/products_otc/J26994/healthkart-hk-vitals-biotin-hair-skin-nails-bottle-60-capsules-2-1727134435.jpg?dim=700x0&dpr=1&q=100
Pure Nutrition Melatonin 5mg L Melatonin Supplement For Men & Women Supports Good Sleep - 60 Nos,₹599,https://cdn01.pharmeasy.in/dam/products_otc/T68499/pure-nutrition-melatonin-5mg-l-melatonin-supplement-for-men-women-supports-good-sleep-60-nos-2-1676281580.jpg?dim=700x0&dpr=1&q=100
Inlife Multivitamin And Minerals Daily Formula For Men Women Supplement - 60 Tablets,₹699,https://cdn01.pharmeasy.in/dam/products_otc/M46393/inlife-multivitamin-and-minerals-daily-formula-for-men-women-supplement-60-tablets-6.1-1703768726.jpg?dim=700x0&dpr=1&q=100
Nutrihance Multiomega 100% Vegan Omega Softgel (60 Veg Softgels) Support Heart | Nerve Renal Health,₹1396,https://cdn01.pharmeasy.in/dam/products_otc/J26041/nutrihance-multiomega-100-vegan-omega-softgel-60-veg-softgels-support-heart-nerve-renal-health-2-1671743727.jpg?dim=700x0&dpr=1&q=100
Purna Gummies Sugar Free Apple Cider Vinegar Weight Loss Gummies - 30,₹599,https://cdn01.pharmeasy.in/dam/products_otc/J45319/purna-gummies-sugar-free-apple-cider-vinegar-weight-loss-gummies-30-2-1671742174.jpg?dim=700x0&dpr=1&q=100
Healthkart Hk Vitals Multivitamin (90 Tablets) | For Men And Women | With Zinc | Vitamin C,₹729,https://cdn01.pharmeasy.in/dam/products_otc/W39604/healthkart-hk-vitals-multivitamin-with-multimineral-tablet-taurine-ginseng-extract-90-count-2-1727133550.jpg?dim=700x0&dpr=1&q=100
Vlado'S Himalayan Organics Calcium Magnesium Zinc Vitamin D3 & B12- 60 Vegetarian Tablets,N/A,https://cdn01.pharmeasy.in/dam/products_otc/K79423/vlados-himalayan-organics-calcium-magnesium-zinc-vitamin-d3-b12-60-vegetarian-tablets-2-1741328200.jpg?dim=700x0&dpr=1&q=100
"Truebasics Omega 3 Fish Oil | Triple Strength With 1150mg Omega, 525mg Epa & 375mg Dha - 90 Capsules",₹1399,https://cdn01.pharmeasy.in/dam/products_otc/J46520/truebasics-omega-3-fish-oil-triple-strength-with-1150mg-omega-525mg-epa-375mg-dha-90-capsules-2-1738030564.jpg?dim=700x0&dpr=1&q=100
Swisse Ultiboost Odourless Strength Wild Fish Oil -Omega 3 -Heart Brain & Eye Health- 90 Caps,₹1499,https://cdn01.pharmeasy.in/dam/products_otc/Q70161/swisse-ultiboost-odourless-strength-wild-fish-oil-omega-3-heart-brain-eye-health-90-caps-2-1671742381.jpg?dim=700x0&dpr=1&q=100
Wellbeing Nutrition Skin Fuel Japanese Collagen | L-Glutathione | Hyaluronic Acid For Skin - 30 Tabs,₹1998,https://cdn01.pharmeasy.in/dam/products_otc/D15281/wellbeing-nutrition-skin-fuel-japanese-collagen-l-glutathione-hyaluronic-acid-for-skin-30-tabs-2-1689314514.jpg?dim=700x0&dpr=1&q=100
Protinex Diabetes Care Vanilla Flavour 200g Nutrition Drink For Adults To Control Blood Sugar,₹410,https://cdn01.pharmeasy.in/dam/products_otc/K15585/protinex-diabetes-care-vanilla-flavour-200g-nutrition-drink-for-adults-to-control-blood-sugar-2-1692256209.jpg?dim=700x0&dpr=1&q=100
Epi 1000 - Vitamin C - Tablets For Skin Lightening Rejuvenation And Anti-Aging - 10 Tabs,₹90,https://cdn01.pharmeasy.in/dam/products_otc/A38800/epi-1000-vitamin-c-tablets-for-skin-lightening-rejuvenation-and-anti-aging-10-tabs-2-1641792218.jpg?dim=700x0&dpr=1&q=100
Dr. Morepen Omega 3 Deep Sea Fish Oil Triple Strength | 1250mg With 900mg Dha & Epa | 60 Softgels,₹1099,https://cdn01.pharmeasy.in/dam/products_otc/V29661/dr-morepen-omega-3-deep-sea-fish-oil-capsules-for-healthy-heart-brain-joints-60-softgels-2-1678945564.jpg?dim=700x0&dpr=1&q=100
Vlado'S Himalayan Organics Natural Vitamin B12 - 120 Veg Capsules,₹981,https://cdn01.pharmeasy.in/dam/products_otc/M21143/vlados-himalayan-organics-natural-vitamin-b12-120-veg-capsules-2-1741331014.jpg?dim=700x0&dpr=1&q=100
Wellbeing Nutrition Melts Natural Vitamin D3 + K2 For Improved Bone Health 30 Strips,₹649,https://cdn01.pharmeasy.in/dam/products_otc/N55350/wellbeing-nutrition-melts-natural-vitamin-d3-k2-mk-7-30-oral-strips-2-1641794776.jpg?dim=700x0&dpr=1&q=100
Seacod Cod Fish Liver Oil 100 Softgel Capsules With Natural Omega3 |Vitamin D & A | Builds Immunity,₹449,https://cdn01.pharmeasy.in/dam/products_otc/157250/seacod-pure-cod-liver-oil-capsules-300mg-with-omega-3-vitamin-a-d-for-kids-adults-100-softgels-6.01-1716466684.jpg?dim=700x0&dpr=1&q=100
Inlife Iron Folic Acid Supplement (60 Tablets),₹499,https://cdn01.pharmeasy.in/dam/products_otc/Z72141/inlife-iron-folic-acid-supplement-60-tablets-2-1741328317.jpg?dim=700x0&dpr=1&q=100
Pharmeasy Multivitamin 50+ - With Brain And Joint Health Blend - Bottle Of 60,₹799,https://cdn01.pharmeasy.in/dam/products_otc/F08585/pharmeasy-multivitamin-50-with-brain-and-joint-health-blend-bottle-of-60-6.1-1733727863.jpg?dim=700x0&dpr=1&q=100
Bon Dk Shot Sugarfree Vitamin D3 Oral Solution (12 Shots-5ml Each) Pineapple Flavour (12 X 5 Ml),₹1362,https://cdn01.pharmeasy.in/dam/products_otc/D30949/bon-dk-shot-sugarfree-vitamin-d3-oral-solution-12-shots-5ml-each-pineapple-flavour-12-x-5-ml-2-1694746608.jpg?dim=700x0&dpr=1&q=100
Healthkart Hk Vitalsmultivitamin For Women (60 Tablets) | With Zinc | Vitamin C | Vitamin D,₹529,https://cdn01.pharmeasy.in/dam/products_otc/O53086/healthkart-hk-vitals-vitals-multivitamin-women-boosts-energy-stamina-bottle-60-count-2-1727134459.jpg?dim=700x0&dpr=1&q=100
Pharmeasy Multivitamin Multimineral - Immunity Booster - Complete Nutrition - Bottle Of 120,₹1299,https://cdn01.pharmeasy.in/dam/products_otc/Q90234/pharmeasy-multivitamin-multimineral-immunity-booster-complete-nutrition-bottle-of-120-2-1675318327.jpg?dim=700x0&dpr=1&q=100
Healthkart Hk Vitals Biotin | High Strength Supplement For Hair | Skin & Nails | 120 Biotin Tablets,₹998,https://cdn01.pharmeasy.in/dam/products_otc/O86704/healthkart-hk-vitals-biotin-high-strength-supplement-for-hair-skin-nails-120-biotin-tablets-2-1729741015.jpg?dim=700x0&dpr=1&q=100
Diataal Cal Strongbones Calcium With Vit D3 Active Absorbable Calcium Strong Bones 30 Tablets,₹250,https://cdn01.pharmeasy.in/dam/products_otc/M87057/diataal-cal-strongbones-calcium-with-vit-d3-active-absorbable-calcium-strong-bones-30-tablets-2-1705913002.jpg?dim=700x0&dpr=1&q=100
Healthkart Multivitamin With Probiotics | Vitamin C | B | D | Zinc And Supports Immunity 120 Tablets,₹938,https://cdn01.pharmeasy.in/dam/products_otc/H77540/healthkart-multivitamin-with-probiotics-with-vitamin-c-b-d-zinc-and-supports-immunity-120-tablets-2-1729741580.jpg?dim=700x0&dpr=1&q=100
Everherb (By Pharmeasy) Karela - Blood Sugar Control - Lowers Bad Cholestrol - Bottle Of 60,₹599,https://cdn01.pharmeasy.in/dam/products_otc/B55847/everherb-by-pharmeasy-karela-blood-sugar-control-lowers-bad-cholestrol-bottle-of-60-6.1-1733727612.jpg?dim=700x0&dpr=1&q=100
Himalaya Wellness Pure Herbs Vrikshamla Weight Management Tablet Bottle Of 60,₹270,https://cdn01.pharmeasy.in/dam/products_otc/I48002/himalaya-wellness-pure-herbs-vrikshamla-weight-management-tablet-bottle-of-60-2-1669711328.jpg?dim=700x0&dpr=1&q=100
Revital H Men Multivitamin With Calcium Zinc & Ginseng For Immunity Strong Bones (60 Capsules),₹600,https://cdn01.pharmeasy.in/dam/products_otc/281751/revital-h-men-multivitamin-with-calcium-zinc-ginseng-for-immunity-strong-bones-60-capsules-6.1-1729854506.jpg?dim=700x0&dpr=1&q=100
Pharmeasy Multivitamin Women - Overall Women Wellness - Builds Immunity - Bottle Of 60,₹799,https://cdn01.pharmeasy.in/dam/products_otc/R76285/pharmeasy-multivitamin-women-overall-women-wellness-builds-immunity-bottle-of-60-6.1-1733483266.jpg?dim=700x0&dpr=1&q=100
Healthkart Hk Vitals Dht Blocker With Biotin (60 Tablets) | Stinging Nettle And Soya Protein,₹599,https://cdn01.pharmeasy.in/dam/products_otc/C80962/healthkart-hk-vitals-dht-blocker-soya-protein-bottle-60-count-2-1727133325.jpg?dim=700x0&dpr=1&q=100
Wellbeing Nutrition Skin Fuel Japanese Collagen | L-Glutathione | Hyaluronic Acid For Skin - 15 Tabs,₹999,https://cdn01.pharmeasy.in/dam/products_otc/W49715/wellbeing-nutrition-skin-fuel-japanese-collagen-l-glutathione-hyaluronic-acid-for-skin-15-tabs-2-1689314819.jpg?dim=700x0&dpr=1&q=100
Swisse Collagen+ Hyaluronic Acid | Collagen Peptides With Ha | Vitamin C & E | 30 Tablets (Unisex),₹1249,https://cdn01.pharmeasy.in/dam/products_otc/E13798/swisse-collagen-hyaluronic-acid-collagen-peptides-with-ha-vitamin-c-e-30-tablets-unisex-2-1670994274.jpg?dim=700x0&dpr=1&q=100
Revital H Men Multivitamin With Calcium Zinc & Ginseng For Immunity Strong Bones (30 Capsules),₹330,https://cdn01.pharmeasy.in/dam/products_otc/270552/revital-h-men-multivitamin-with-calcium-zinc-ginseng-for-immunity-strong-bones-30-capsules-6.1-1729854579.jpg?dim=700x0&dpr=1&q=100
Ostocalcium B12 Suspension (Lemon Lime Flavor Syrup - 200ml),₹183.54,https://cdn01.pharmeasy.in/dam/products_otc/I14428/ostocalcium-b12-suspension-lemon-lime-flavor-syrup-200ml-1-1691492218.jpg?dim=700x0&dpr=1&q=100
"Wellbeing Nutrition Vitamin C + Zinc For Immunity, Antioxidants And Anti-Aging 16 Tabs (Pack Of 2)",₹798,https://cdn01.pharmeasy.in/dam/products_otc/S64219/wellbeing-nutrition-vitamin-c-zinc-organic-immunity-booster-32-tablets-2-1645440994.jpg?dim=700x0&dpr=1&q=100
Coq 300 Health Supplement Improves Fertility & Boosts Immunity (1x15 Softgels),₹1997,https://cdn01.pharmeasy.in/dam/products_otc/045245/coq-300mg-health-supplement-capsules-strip-of-15-2-1681818946.jpg?dim=700x0&dpr=1&q=100
Mankind Health Ok Gummies Multivitamin And Multimineral For Kids 30 Gummies,₹500,https://cdn01.pharmeasy.in/dam/products_otc/V85441/mankind-health-ok-gummies-multivitamin-and-multimineral-for-kids-30-gummies-2-1671743932.jpg?dim=700x0&dpr=1&q=100
West-Coast Gb-12 Tablet For Vitamin B12 Deficiency | Antioxidant | Production Of Dna & Rna - 3x10,N/A,https://cdn01.pharmeasy.in/dam/products_otc/P17987/west-coast-gb-12-tablet-for-vitamin-b12-deficiency-antioxidant-production-of-dna-rna-3x10-2-1719737789.jpg?dim=700x0&dpr=1&q=100
Seacod Cod Liver Oil (Type B) Bp With Omega 3 Vitamin A Vitamin D For Kids And Adults 60ml,₹299,https://cdn01.pharmeasy.in/dam/products_otc/242053/seacod-cod-liver-oil-bottle-of-60-ml-2-1674538031.jpg?dim=700x0&dpr=1&q=100
Inlife Vitamin D3 60000 Iu Cholecalciferol Supplement For Men And Women - 40 Chewable Tablets,₹549,https://cdn01.pharmeasy.in/dam/products_otc/Y99984/inlife-vitamin-d3-60000-iu-cholecalciferol-supplement-for-men-and-women-40-chewable-tablets-2-1733246311.jpg?dim=700x0&dpr=1&q=100
Swisse Ultiboost Odourless High Strength Wild Fish Oil - (1500 Mg) - Omega 3 - 60 Capsules,₹1149,https://cdn01.pharmeasy.in/dam/products_otc/M36017/swisse-ultiboost-odourless-high-strength-wild-fish-oil-1500-mg-omega-3-60-capsules-2-1671742385.jpg?dim=700x0&dpr=1&q=100
Glutone 1000 Setria Glutathione & Vitamin C Effervescent Tablets - For Skin Glowing & Brightening,₹2750,https://cdn01.pharmeasy.in/dam/products_otc/I34562/glutone-1000-setria-glutathione-vitamin-c-effervescent-tablets-for-skin-glowing-brightening-2-1734002550.jpg?dim=700x0&dpr=1&q=100
Formen Shilajit & Ashwagandha Tablets For Men | For Strength Stamina & Vigor (30 Tablets),₹599,https://cdn01.pharmeasy.in/dam/products_otc/J45033/formen-shilajit-ashwagandha-tablets-for-men-for-strength-stamina-vigor-30-tablets-6.3-1733970499.jpg?dim=700x0&dpr=1&q=100
Natures Velvet Calcium Magnesium Zinc With Vitamin D3 | 60 Tablets,₹1000,https://cdn01.pharmeasy.in/dam/products_otc/T51060/natures-velvet-calcium-magnesium-zinc-with-vitamin-d3-60-tablets-2-1713152810.jpg?dim=700x0&dpr=1&q=100
Purna Kids Multivitamin Gummies For Growth Immunity And Health 30 Day Pack,₹499,https://cdn01.pharmeasy.in/dam/products_otc/K58184/purna-kids-multivitamin-gummies-for-growth-immunity-and-health-30-day-pack-2-1706527723.jpg?dim=700x0&dpr=1&q=100
Ecod Omega Bottle Of 30 Capsules,₹615,https://cdn01.pharmeasy.in/dam/products/I02959/ecod-omega-bottle-of-30-capsules-1-1659008219.jpg?dim=700x0&dpr=1&q=100
Oziva Plant Based Biotin Xtra Capsules (With Keratin Builder) For Hair Repair & Regen(60 Capsules),₹749,https://cdn01.pharmeasy.in/dam/products_otc/M59270/oziva-plant-based-biotin-xtra-capsules-with-keratin-builder-for-hair-repair-regen60-capsules-2-1671743257.jpg?dim=700x0&dpr=1&q=100
Healthkart Hk Vitals Fish Oil (30 Capsules) | For Men And Women (1000mg Omega 3,₹399,https://cdn01.pharmeasy.in/dam/products_otc/Y76931/healthkart-hk-vitals-fish-oil-1000mg-capsule-bottle-30-count-2-1727133518.jpg?dim=700x0&dpr=1&q=100
Purna Superfruits Collagen Mixed Fruit Flavor Gummies For Hair And Skin 30 Day Pack,₹599,https://cdn01.pharmeasy.in/dam/products_otc/X73009/purna-superfruits-collagen-mixed-fruit-flavor-gummies-for-hair-and-skin-30-day-pack-2-1701430647.jpg?dim=700x0&dpr=1&q=100
"Fat Burner Gel Herbal Gel For Slimming Tummy, Fat Loss Fat Weight Loss Massage 100% Ayurvedic (25gm)",₹999,https://cdn01.pharmeasy.in/dam/products_otc/N40839/fat-burner-gel-herbal-gel-for-slimming-tummy-fat-loss-fat-weight-loss-massage-100-ayurvedic-25gm-2-1692700785.jpg?dim=700x0&dpr=1&q=100
Oziva Plant Based Classic Tangy Amla Collagen Builder With Biotin & Vitamin C - 200 G,₹999,https://cdn01.pharmeasy.in/dam/products_otc/Z44837/oziva-plant-based-collagen-builder-for-brighter-youthful-skin-classicbottle-of-250gm-2-1731301182.jpg?dim=700x0&dpr=1&q=100
Arachitol Gummies: Orange Flavored Vitamin D+ Calcium+ Curcumin Gummies,₹363,https://cdn01.pharmeasy.in/dam/products_otc/Q12129/arachitol-gummies-orange-flavored-vitamin-d-calcium-curcumin-gummies-2-1671743451.jpg?dim=700x0&dpr=1&q=100
Health Ok Multivitamin With Vitamin D C & Other 17 Multivitamins Minerals 10 Tablets X Pack Of 4,₹440,https://cdn01.pharmeasy.in/dam/products_otc/D31744/health-ok-multivitamin-with-vitamin-d-c-other-17-multivitamins-minerals-10-tablets-x-pack-of-4-2-1686549998.jpg?dim=700x0&dpr=1&q=100
Dr.Reckeweg R 41 Fortivirone Sexual Neurasthenia Drops 22 Ml,₹285,https://cdn01.pharmeasy.in/dam/products_otc/L31373/dr-reckeweg-r-41-fortivirone-sexual-neurasthenia-drops-22-ml-3-1671741660.jpg?dim=700x0&dpr=1&q=100
Shelcal Pro Calcium & Vtamin D3 Lemon Orange And Mixed Berries Flavour Sugar Free 30 Gummies,₹550,https://cdn01.pharmeasy.in/dam/products_otc/M43688/shelcal-pro-calcium-vtamin-d3-lemon-orange-and-mixed-berries-flavour-sugar-free-30-gummies-2-1708512049.jpg?dim=700x0&dpr=1&q=100
"Nirvasa Daily Multivitamin Tablets For Men & Women For Immunity, Energy, Bone & Joint (60 Tablets)",₹599,https://cdn01.pharmeasy.in/dam/products_otc/Z24961/nirvasa-daily-multivitamin-tablets-for-men-women-for-immunity-energy-bone-joint-60-tablets-2-1694093707.jpg?dim=700x0&dpr=1&q=100
Liveasy Wellness Multivitamin Multimineral - Immunity Booster - Complete Nutrition - Bottle Of 60,₹699,https://cdn01.pharmeasy.in/dam/products_otc/E79162/liveasy-wellness-multivitamin-multimineral-immunity-booster-complete-nutrition-bottle-of-60-6.1-1733480187.jpg?dim=700x0&dpr=1&q=100
D-Protin Chocolate Diabetes Care Powder Bottle Of 200 G,₹325,https://cdn01.pharmeasy.in/dam/products_otc/193855/d-protin-chocolate-diabetes-care-powder-bottle-of-200-g-2-1669635041.jpg?dim=700x0&dpr=1&q=100
Dr. Morepen Omega 3 6 7 9 Vegetarian Capsules For Healthy Heart Brain & Joints - 60 Capsules,₹499,https://cdn01.pharmeasy.in/dam/products_otc/R98944/dr-morepen-omega-3-6-7-9-vegetarian-capsules-for-healthy-heart-brain-joints-60-capsules-2-1692775718.jpg?dim=700x0&dpr=1&q=100
Prohance D Chocolate Diabetes Care Powder Sugar Free Jar Of 400 G,₹862,https://cdn01.pharmeasy.in/dam/products_otc/I12087/prohance-d-chocolate-diabetes-care-powder-sugar-free-jar-of-400-g-2-1722854709.jpg?dim=700x0&dpr=1&q=100
Healthkart Hk Vitals Multivitamin | 60 Tablets + Zinc Tablets With Vitamin D3 | 60 Tablets (Combo),₹948,https://cdn01.pharmeasy.in/dam/products_otc/Z95947/healthkart-hk-vitals-multivitamin-60-tablets-zinc-tablets-with-vitamin-d3-60-tablets-combo-2-1729740748.jpg?dim=700x0&dpr=1&q=100
Seacod Pure Cod Liver Oil Capsules 300mg With Omega 3 | Vitamin A & D | For Kid & Adult 110 Softgels,₹388,https://cdn01.pharmeasy.in/dam/products_otc/I01462/seacod-pure-cod-liver-oil-capsules-300mg-with-omega-3-vitamin-a-d-for-kids-adults-110-softgels-1-1687253031.jpg?dim=700x0&dpr=1&q=100
Inlife Vitamin B12 1500mcg Nervous System Support For Men And Women - 60 Tablets,₹499,https://cdn01.pharmeasy.in/dam/products_otc/Y22999/inlife-vitamin-b12-1500mcg-nervous-system-support-for-men-and-women-60-tablets-2-1733246310.jpg?dim=700x0&dpr=1&q=100
Inlife Vitamin B12 With Alpha Lipoic Acid | Folic Acid | Inositol | B1 | B5 & B6 - 120 Tablets,₹899,https://cdn01.pharmeasy.in/dam/products_otc/O23065/inlife-vitamin-b12-with-alpha-lipoic-acid-folic-acid-inositol-b1-b5-b6-120-tablets-2-1709788769.jpg?dim=700x0&dpr=1&q=100
Swisse Ultiboost Odourless Strength Wild Fish Oil -Omega 3 -Heart Brain & Eye Health- 40 Caps,₹849,https://cdn01.pharmeasy.in/dam/products_otc/H50670/swisse-ultiboost-odourless-4x-strength-wild-fish-oil-omega-3-heart-brain-eye-health-40-caps-2-1642006783.jpg?dim=700x0&dpr=1&q=100
Everherb (By Pharmeasy) Ashwagandha-Immunity Booster Capsules-Anxiety & Stress Relief - Bottle Of 90,₹799,https://cdn01.pharmeasy.in/dam/products_otc/P54860/everherb-by-pharmeasy-ashwagandha-immunity-booster-capsules-anxiety-stress-relief-bottle-of-90-6.01-1733479691.jpg?dim=700x0&dpr=1&q=100
Inlife Calcium 500 Mg Vitamin D3 400 Iu Supplement For Men Women - 60 Tablets,₹449,https://cdn01.pharmeasy.in/dam/products_otc/X43663/inlife-calcium-500-mg-vitamin-d3-400-iu-supplement-for-men-women-60-tablets-6.1-1704434518.jpg?dim=700x0&dpr=1&q=100
"Bliss Welness Vitamin B12 And D3 For Bone,Immune & Joint Supplement|For Men And Women - 60 Tablets",₹599,https://cdn01.pharmeasy.in/dam/products_otc/D95399/bliss-welness-vitabliss-b12d3-multivitamin-60-tablets-2-1723786545.jpg?dim=700x0&dpr=1&q=100
Dr. Morepen Cod Liver Oil Capsules With Natural Omega 3 | Vitamin A & D - 100 Softgels,₹699,https://cdn01.pharmeasy.in/dam/products_otc/Z87070/dr-morepen-cod-liver-oil-capsules-with-natural-omega-3-vitamin-a-d-100-softgels-2-1692775616.jpg?dim=700x0&dpr=1&q=100
Ostocalcium B12 Suspension (Banana Flavor Syrup - 200ml),₹201.74,https://cdn01.pharmeasy.in/dam/products_otc/I03284/ostocalcium-b12-suspension-banana-flavor-syrup-200ml-2-1669634926.jpg?dim=700x0&dpr=1&q=100
Briyo Vitamin D3 2000 Iu - 90 Chewable Tablets - Natural Grape Flavor - For Vitamin D3 Deficiency,₹449,https://cdn01.pharmeasy.in/dam/products_otc/V66550/briyo-vitamin-d3-2000-iu-90-chewable-tablets-natural-grape-flavor-for-vitamin-d3-deficiency-2-1691047109.jpg?dim=700x0&dpr=1&q=100
Healthkart Hk Vitals Biotin (90 Tablets) | Supplement For Hair Growth | Strong Hair And Glowing Skin,₹659,https://cdn01.pharmeasy.in/dam/products_otc/P32331/healthkart-hk-vitals-biotin-tablets-for-strong-thick-shiny-hair-bottle-90-tablets-2-1727133748.jpg?dim=700x0&dpr=1&q=100
"Nirvasa Shilajit Resin, Performance, Vigour And Vitality For Men( 20g)",₹1099,https://cdn01.pharmeasy.in/dam/products_otc/Y74878/nirvasa-shilajit-resin-performance-vigour-and-vitality-for-men-20g-2-1694093667.jpg?dim=700x0&dpr=1&q=100
Ferradol Health And Food Supplement With Iron | Vitamins | Calcium And Zinc -450gm,₹379,https://cdn01.pharmeasy.in/dam/products_otc/192151/ferradol-health-and-food-supplement-with-iron-vitamins-calcium-and-zinc-450gm-2-1671741019.jpg?dim=700x0&dpr=1&q=100
Nirvasa Hair Vitals Dht Blocker With Biotin | Hair Vitamins Tablets For Men & Women (60 Tablets),₹699,https://cdn01.pharmeasy.in/dam/products_otc/H30774/nirvasa-hair-vitals-dht-blocker-with-biotin-hair-vitamins-tablets-for-men-women-60-tablets-2-1694093512.jpg?dim=700x0&dpr=1&q=100
Bon Dk Shot Sugarfree Vitamin D3 Oral Solution (8 Shots- 5ml Each) Pineapple Flavour (8 X 5 Ml),₹908,https://cdn01.pharmeasy.in/dam/products_otc/E60998/bon-dk-shot-sugarfree-vitamin-d3-oral-solution-8-shots-5ml-each-pineapple-flavour-8-x-5-ml-2-1694746702.jpg?dim=700x0&dpr=1&q=100
Dr. Morepen Cod Liver Oil Capsules With Natural Omega 3 | Vitamin A & D - 100 Softgels Pack Of 2,₹1398,https://cdn01.pharmeasy.in/dam/products_otc/M99112/dr-morepen-cod-liver-oil-capsules-with-natural-omega-3-vitamin-a-d-100-softgels-pack-of-2-2-1704787031.jpg?dim=700x0&dpr=1&q=100
Seacod Cod Fish Liver Oil 500 Softgel Capsules With Natural Omega3 |Vitamin D & A | Builds Immunity,₹1499,https://cdn01.pharmeasy.in/dam/products_otc/157255/seacod-cod-fish-liver-oil-500-softgel-capsules-with-natural-omega3-vitamin-d-a-builds-immunity-6.1-1717751485.jpg?dim=700x0&dpr=1&q=100
Healthkart Hk Vitals Omega 3 (60 Fish Oil Capsules) | 1000mg Omega 3 With 180mg Epa & 120mg Dha,₹559,https://cdn01.pharmeasy.in/dam/products_otc/Y01660/healthkart-hk-vitals-omega-3-fatty-acids-1000mg-soft-gelatin-capsules-bottle-60-capsules-2-1727133949.jpg?dim=700x0&dpr=1&q=100
Coq Forte With Coenzyme Q10 Health Supplement For Female & Male Subfertility Strip Of 10 Capsules,₹887,https://cdn01.pharmeasy.in/dam/products_otc/045250/coq-forte-with-coenzyme-q10-health-supplement-for-female-male-subfertility-strip-of-10-capsules-2-1693267421.jpg?dim=700x0&dpr=1&q=100
Bon K2 Hd With Advanced Calcium30 Tablet|Vitamin D3 & Vitamin K2-7 Multivitamin Tab (3 X 10 Tablets),₹1032,https://cdn01.pharmeasy.in/dam/products_otc/X61579/bon-k2-hd-with-advanced-calcium30-tabletvitamin-d3-vitamin-k2-7-multivitamin-tab-3-x-10-tablets-2-1689940032.jpg?dim=700x0&dpr=1&q=100
Nveda Calcium | Magnesium | Zinc | Vit D3 & Vit B 12 Tablets,₹450,https://cdn01.pharmeasy.in/dam/products_otc/G71089/nveda-calcium-magnesium-zinc-vit-d3-vit-b-12-tablets-2-1711708396.jpg?dim=700x0&dpr=1&q=100
Oziva Plant Based Omega 369 Capsules For Skin Heart & Joint Support 60 Capsules,N/A,https://cdn01.pharmeasy.in/dam/products_otc/R69714/oziva-plant-based-omega-369-capsules-for-skin-heart-joint-support-60-capsules-1-1671743255.jpg?dim=700x0&dpr=1&q=100
Everherb (By Pharmeasy) Amla - Immunity Booster Capsules - Natural Vitamin C - Bottle Of 60,₹599,https://cdn01.pharmeasy.in/dam/products_otc/T18833/everherb-by-pharmeasy-amla-immunity-booster-capsules-natural-vitamin-c-bottle-of-60-2-1717416392.jpg?dim=700x0&dpr=1&q=100
"Wellbeing Nutrition Vitamin C + Zinc For Immunity, Antioxidants And Anti-Aging 16 Tabs",₹399,https://cdn01.pharmeasy.in/dam/products_otc/P76152/wellbeing-nutrition-vitamin-c-zinc-for-immunity-antioxidants-and-anti-aging-16-tabs-2-1671743698.jpg?dim=700x0&dpr=1&q=100
Healthkart Hk Vitals Fish Oil (60 Capsules) | For Men And Women | 1000mg Omega 3,₹469,https://cdn01.pharmeasy.in/dam/products_otc/D25244/healthkart-hk-vitals-fish-oil-1000mg-supports-health-capsule-bottle-60-count-2-1727133255.jpg?dim=700x0&dpr=1&q=100
Swisse Ultiboost Iron Supplement With Vitamin C Vitamin B6 & Vitamin B12 -30 Tablets,₹949,https://cdn01.pharmeasy.in/dam/products_otc/P60598/swisse-ultiboost-iron-supplement-with-vitamin-c-vitamin-b6-vitamin-b12-30-tablets-2-1654255917.jpg?dim=700x0&dpr=1&q=100
Everherb Pharmeasy Moringa (Drum Stick) Immunity Booster Capsules Natural Multivitamin Bottle Of 60,₹599,https://cdn01.pharmeasy.in/dam/products_otc/H62199/everherb-pharmeasy-moringa-drum-stick-immunity-booster-capsules-natural-multivitamin-bottle-of-60-6.01-1727327468.jpg?dim=700x0&dpr=1&q=100
Prohance D Diabetes Care Vanilla Flavour Sugar Free Refill Of 200gm Powder,₹425,https://cdn01.pharmeasy.in/dam/products_otc/I46903/prohance-d-diabetes-care-vanilla-flavour-sugar-free-refill-of-200gm-powder-2-1731043185.jpg?dim=700x0&dpr=1&q=100
Nutrabay Pro Fish Oil Omega 3 (Triple Strength) - 1000mg - 60 Capsules,₹1129,https://cdn01.pharmeasy.in/dam/products_otc/B68988/nutrabay-pro-fish-oil-omega-3-triple-strength-1000mg-60-capsules-2-1737940944.jpg?dim=700x0&dpr=1&q=100
Healthyhey Sardine Fish Oil | Omega 3 For Women And Men 60 Softgel Capsules,₹1399,https://cdn01.pharmeasy.in/dam/products_otc/H24389/healthyhey-sardine-fish-oil-omega-3-for-women-and-men-60-softgel-capsules-2-1738020094.jpg?dim=700x0&dpr=1&q=100
D-Protin Chocolate Diabetes Care Powder - 500 G,₹695,https://cdn01.pharmeasy.in/dam/products_otc/264359/d-protin-chocolate-diabetes-care-powder-500-g-2-1669634931.jpg?dim=700x0&dpr=1&q=100
Purna Melatonin Wild Berry Flavor Gummies For Sleep Well & Reduced Stress 30 Day Pack,₹499,https://cdn01.pharmeasy.in/dam/products_otc/U53136/purna-melatonin-wild-berry-flavor-gummies-for-sleep-well-reduced-stress-30-day-pack-2-1706760848.jpg?dim=700x0&dpr=1&q=100
Himalaya Wellness Ayurslim Weight Management Capsules (3x60) Bottle Of 60,₹860,https://cdn01.pharmeasy.in/dam/products_otc/281157/himalaya-wellness-ayurslim-weight-management-capsules-3x60-bottle-of-60-2-1674540742.jpg?dim=700x0&dpr=1&q=100
Wellbeing Nutrition Acv Effervescent For Weight Loss & Fat Burn 17 Tabs (Pack Of 1),₹549,https://cdn01.pharmeasy.in/dam/products_otc/L97324/wellbeing-nutrition-acv-effervescent-for-weight-loss-fat-burn-17-tabs-pack-of-1-2-1671743698.jpg?dim=700x0&dpr=1&q=100
Wellbeing Nutrition Acv Effervescent For Weight Loss & Fat Burn 17 Tabs (Pack Of 2),₹1098,https://cdn01.pharmeasy.in/dam/products_otc/G90182/wellbeing-nutrition-apple-cider-vinegar-with-garcinia-cambogia-34-tablets-2-1645441140.jpg?dim=700x0&dpr=1&q=100
Vlado'S Himalayan Organics Omega 3 6 9 Vegan Supplement - 90 Capsules,₹1249,https://cdn01.pharmeasy.in/dam/products_otc/E95916/vlados-himalayan-organics-omega-3-6-9-vegan-supplement-90-capsules-2-1741330314.jpg?dim=700x0&dpr=1&q=100
"Healthkart Hk Vitals Biotin Hair Gummies, 10000 Mcg Biotin With Zinc, Vegan, Strawberry (60 No)",₹1199,https://cdn01.pharmeasy.in/dam/products_otc/N23381/healthkart-hk-vitals-biotin-hair-gummies-10000-mcg-biotin-with-zinc-vegan-strawberry-60-no-2-1699516696.jpg?dim=700x0&dpr=1&q=100
Chicnutrix Super C - Amla Extract & Zinc - Natural Vitamin C For Skin- 20 Tablets - Fizzy Orange,₹390,https://cdn01.pharmeasy.in/dam/products_otc/R95764/chicnutrix-super-c-amla-extract-zinc-natural-vitamin-c-for-skin-20-tablets-fizzy-orange-2-1686735422.jpg?dim=700x0&dpr=1&q=100
Depura Vitamin D3 60k Sugar Free Oral Solution 5ml,₹114.93,https://cdn01.pharmeasy.in/dam/products_otc/266249/depura-vitamin-d3-60k-sugar-free-oral-solution-5ml-2-1738734003.jpg?dim=700x0&dpr=1&q=100
Everherb (By Pharmeasy) Flaxseed Omega 3 - Essential Fatty Acids - Healthy Heart - Bottle Of 60,₹799,https://cdn01.pharmeasy.in/dam/products_otc/D64484/everherb-by-pharmeasy-flaxseed-omega-3-essential-fatty-acids-healthy-heart-bottle-of-60-6.01-1727327323.jpg?dim=700x0&dpr=1&q=100
Wow Life Science Omega 3 Capsules Bottle Of 60,₹899,https://cdn01.pharmeasy.in/dam/products_otc/G00067/wow-life-science-omega-3-capsules-bottle-of-60-2-1658483968.jpg?dim=700x0&dpr=1&q=100
Pharmeasy Calcium Magnesium Vitamin D3 & Zinc - Bones & Dental Health - Bottle 120,₹899,https://cdn01.pharmeasy.in/dam/products_otc/Q97636/pharmeasy-calcium-magnesium-vitamin-d3-zinc-bones-dental-health-bottle-120-6.1-1731326159.jpg?dim=700x0&dpr=1&q=100
Everherb (By Pharmeasy) Men'S Formula-Blend Of Powerful Herb-Increase Sperm Count-Bottle Of 60,₹999,https://cdn01.pharmeasy.in/dam/products_otc/N51273/everherb-by-pharmeasy-mens-formula-blend-of-powerful-herb-increase-sperm-count-bottle-of-60-6.01-1741174543.jpg?dim=700x0&dpr=1&q=100
Celevida Nutrition Drink For Diabetes Care & Immunity Support Chocolate | 400g,₹790,https://cdn01.pharmeasy.in/dam/products_otc/O06028/dr-reddys-celevida-nutrition-drink-for-diabetes-care-immunity-support-chocolate-400g-2-1654234221.jpg?dim=700x0&dpr=1&q=100
Healthkart Hk Vitals Calcium + Vitamin D3 Supplement (60 Tablets) | With Magnesium & Zinc,₹419,https://cdn01.pharmeasy.in/dam/products_otc/Y73818/healthkart-hk-vitals-calcium-vitamin-d3-tablets-complete-bone-health-joint-60-tablets-2-1727134015.jpg?dim=700x0&dpr=1&q=100
Naturyz Triple Strength Omega 3 Fish Oil 2450 Mg With Highest Epa 1200mg Dha 800mg (60 Softgels),₹1199,https://cdn01.pharmeasy.in/dam/products_otc/Q02243/naturyz-triple-strength-omega-3-fish-oil-2450-mg-with-highest-epa-1200mg-dha-800mg-60-softgels-2-1722492056.jpg?dim=700x0&dpr=1&q=100
