name,price,image_URL
Strianil Anti Stretch Mark Cream 50 G,₹299.5,https://cdn01.pharmeasy.in/dam/products_otc/F61240/strianil-anti-stretch-mark-cream-50-g-1-1671743430.jpg?dim=700x0&dpr=1&q=100
Mom & World Reusable Menstrual Cup For Women Odor And Rash Free No Leakage (Medium) X Pack Of 2,₹798,https://cdn01.pharmeasy.in/dam/products_otc/P58259/mom-world-reusable-menstrual-cup-for-women-odor-and-rash-free-no-leakage-medium-x-pack-of-2-2-1681452178.jpg?dim=700x0&dpr=1&q=100
R For Rabbit First Feed Pure,₹2997,https://cdn01.pharmeasy.in/dam/products_otc/J64189/r-for-rabbit-first-feed-pure-2-1710155533.jpg?dim=700x0&dpr=1&q=100
Sirona Premium Applicator Tampons Super Plus Heavy Flow - 16 Pcs,₹720,https://cdn01.pharmeasy.in/dam/products_otc/I48455/sirona-premium-applicator-tampons-super-plus-heavy-flow-16-pcs-2-1669711343.jpg?dim=700x0&dpr=1&q=100
Pee Safe Aloe Vera Panty Liners Xl 20n,N/A,https://cdn01.pharmeasy.in/dam/products_otc/K95119/pee-safe-aloe-vera-panty-liners-xl-20n-2-1721023634.jpg?dim=700x0&dpr=1&q=100
Everteen Xxl Sanitary Napkin Pads With Cottony-Soft Top Layer For Women 2 Packs | 320mm,₹798,https://cdn01.pharmeasy.in/dam/products_otc/R68941/everteen-xxl-sanitary-napkin-pads-with-cottony-soft-top-layer-for-women-2-packs-320mm-2-1695795164.jpg?dim=700x0&dpr=1&q=100
Peesafe Toilet Seat Sanitizer Spray (75 Ml) - Mint Reduces The Risk Of Uti & Other Infections,₹180,https://cdn01.pharmeasy.in/dam/products_otc/G72949/peesafe-toilet-seat-sanitizer-spray-75-ml-mint-reduces-the-risk-of-uti-other-infections-2-1690436449.jpg?dim=700x0&dpr=1&q=100
"Everteen Daily Panty Liners With Antibacterial Strip|Light Discharge & Leakage - 4 Packs, 36pcs Each",₹796,https://cdn01.pharmeasy.in/dam/products_otc/U73044/everteen-daily-panty-liners-with-antibacterial-striplight-discharge-leakage-4-packs-36pcs-each-2-1684906098.jpg?dim=700x0&dpr=1&q=100
Codesoft Clear Cream 50 Gm,₹535,https://cdn01.pharmeasy.in/dam/products_otc/I27836/codesoft-clear-cream-50-gm-1-1679564349.jpg?dim=700x0&dpr=1&q=100
Skore Cool Sensation Lubricant Bottle Of 50 Ml,₹300,https://cdn01.pharmeasy.in/dam/products_otc/I38167/skore-cool-sensation-lubricant-bottle-of-50-ml-2-1669710391.jpg?dim=700x0&dpr=1&q=100
"Everteen Xxl Sanitary Napkin Pads With Cottony-Soft Top Layer For Women 3 Packs, 320mm",₹1197,https://cdn01.pharmeasy.in/dam/products_otc/Y40877/everteen-xxl-sanitary-napkin-pads-with-cottony-soft-top-layer-for-women-3-packs-320mm-2-1695795374.jpg?dim=700x0&dpr=1&q=100
Nua Ultra Thin Rash Free Medium Flow Sanitary Pad 50 Pcs X Pack Of 2 Sanitary Pad (Pack Of 100),₹1698,https://cdn01.pharmeasy.in/dam/products_otc/T71745/nua-ultra-thin-rash-free-medium-flow-sanitary-pad-50-pcs-x-pack-of-2-sanitary-pad-pack-of-100-2-1704788792.jpg?dim=700x0&dpr=1&q=100
Nua Overnight Period Panties | 5 Disposable Period Panties | Xl - Xxl Sanitary Pad (Pack Of 5),₹299,https://cdn01.pharmeasy.in/dam/products_otc/Z31272/nua-overnight-period-panties-5-disposable-period-panties-xl-xxl-sanitary-pad-pack-of-5-2-1704788773.jpg?dim=700x0&dpr=1&q=100
Pee Safe Reusable Menstrual Cup With Medical Grade Silcone For Women - Large,₹349,https://cdn01.pharmeasy.in/dam/products_otc/T67765/pee-safe-reusable-menstrual-cup-with-medical-grade-silcone-for-women-large-2-1703830145.jpg?dim=700x0&dpr=1&q=100
Everteen Natural Intimate Wash For Feminine Hygiene In Women - 1 Pack- 105ml,₹180,https://cdn01.pharmeasy.in/dam/products_otc/W85922/everteen-natural-intimate-wash-for-feminine-hygiene-in-women-1-pack-105ml-2-1671743061.jpg?dim=700x0&dpr=1&q=100
Pee Safe Toilet Seat Sanitizer Spray - 75 Ml (Floral),₹360,https://cdn01.pharmeasy.in/dam/products_otc/S87080/pee-safe-toilet-seat-sanitizer-spray-75-ml-floral-2-1690436502.jpg?dim=700x0&dpr=1&q=100
Pee Safe Organic Cotton Tampon (Super Plus) - 16 N,₹349,https://cdn01.pharmeasy.in/dam/products_otc/I48612/pee-safe-organic-cotton-tampon-super-plus-16-n-2-1632776964.jpg?dim=700x0&dpr=1&q=100
Sirona Ultra-Thin Premium Panty Liners (Regular Flow) 60 Counts - Large,₹299,https://cdn01.pharmeasy.in/dam/products_otc/W31423/sirona-ultra-thin-premium-panty-liners-regular-flow-60-counts-large-2-1712198997.jpg?dim=700x0&dpr=1&q=100
Nua Ultra Safe Sanitary Pads | Super Saver Pack | 30 Pads | Heavy Flow Xl+ (320mm) (Pack Of 30),₹449,https://cdn01.pharmeasy.in/dam/products_otc/L68590/nua-ultra-safe-sanitary-pads-super-saver-pack-30-pads-heavy-flow-xl-320mm-pack-of-30-2-1704788845.jpg?dim=700x0&dpr=1&q=100
"Amocare Foam Wash For Women | Ph Balanced, Hygiene Wash | Prevents Infection, Irritation & Bad Odour",₹599,https://cdn01.pharmeasy.in/dam/products_otc/M89273/tender-touch-intimate-wash-women-2-1723785251.jpg?dim=700x0&dpr=1&q=100
Wonderize Ultra Thin Cotton Panty Liners - 120 Liners (Combo Of 5) Size - 155mm For Daily Use,₹625,https://cdn01.pharmeasy.in/dam/products_otc/M07034/wonderize-ultra-thin-cotton-panty-liners-120-liners-combo-of-5-size-155mm-for-daily-use-2-1681298086.jpg?dim=700x0&dpr=1&q=100
Mederma Stretch Marks Therapy Tube Of 25gm Cream,₹595,https://cdn01.pharmeasy.in/dam/products/I37139/mederma-stretch-marks-therapy-tube-of-25gm-cream-1-1671602780.jpg?dim=700x0&dpr=1&q=100
Pee Safe Toilet Seat Sanitizer Spray (75ml - Pack Of 3) - Mint|Kills 99.9% Germs & Travel Friendly,₹499,https://cdn01.pharmeasy.in/dam/products_otc/J09557/pee-safe-toilet-seat-sanitizer-spray-75ml-pack-of-3-mintkills-999-germs-travel-friendly-2-1690436495.jpg?dim=700x0&dpr=1&q=100
Wonderize Ultra Dry Sanitary Napkins - Size Xl - Pack Of 90 Pads (Combo Of 3) Uniquely Shaped Flaps,₹1125,https://cdn01.pharmeasy.in/dam/products_otc/T27782/wonderize-ultra-dry-sanitary-napkins-size-xl-pack-of-90-pads-combo-of-3-uniquely-shaped-flaps-2-1681298093.jpg?dim=700x0&dpr=1&q=100
Anti Stretch Marks Herbal Cream | Scar Removal | During & After Pregnancy | 100% Ayurvedic | 50g,₹999,https://cdn01.pharmeasy.in/dam/products_otc/L55508/anti-stretch-marks-herbal-cream-scar-removal-during-after-pregnancy-100-ayurvedic-50g-2-1692701003.jpg?dim=700x0&dpr=1&q=100
Pee Safe Toilet Seat Sanitizer Spray (75ml - Pack Of 6) - Mint|Kills 99.9% Germs & Travel Friendly,₹1080,https://cdn01.pharmeasy.in/dam/products_otc/E49057/pee-safe-toilet-seat-sanitizer-spray-75ml-pack-of-6-mintkills-999-germs-travel-friendly-2-1721024686.jpg?dim=700x0&dpr=1&q=100
Wonderize Ultra Dry Sanitary Napkins - Size Xl - Pack Of 30 Pads - Uniquely Shaped Flaps,₹375,https://cdn01.pharmeasy.in/dam/products_otc/Q06596/wonderize-ultra-dry-sanitary-napkins-size-xl-pack-of-30-pads-uniquely-shaped-flaps-2-1681298205.jpg?dim=700x0&dpr=1&q=100
"Everteen Xxl Sanitary Napkin Pads With Cottony-Dry Top Layer For Women 4 Packs, 320mm",₹1596,https://cdn01.pharmeasy.in/dam/products_otc/M94376/everteen-xxl-sanitary-napkin-pads-with-cottony-dry-top-layer-for-women-4-packs-320mm-2-1695795436.jpg?dim=700x0&dpr=1&q=100
Vivo Care Intimate Wash,N/A,https://cdn01.pharmeasy.in/dam/products_otc/L17351/vivo-care-intimate-wash-2-1696836390.jpg?dim=700x0&dpr=1&q=100
I-Activ Period Panty | Disposable(L-Xl) Waist(31-48 Inches) | Pack Of 10 | For Heavy Flow | Pads,₹580,https://cdn01.pharmeasy.in/dam/products_otc/Q90524/i-activ-period-panty-disposablel-xl-waist31-48-inches-pack-of-10-for-heavy-flow-maternity-pads-2-1674802206.jpg?dim=700x0&dpr=1&q=100
Mom & World Reusable Menstrual Cup For Women 100% Medical Grade Silicone- (Large),₹399,https://cdn01.pharmeasy.in/dam/products_otc/F86237/mom-world-reusable-menstrual-cup-for-women-100-medical-grade-silicone-large-2-1681452646.jpg?dim=700x0&dpr=1&q=100
Nua Overnight Disposable Period Panties | M - L | 360 Degree Coverage Sanitary Pad (Pack Of 5),₹299,https://cdn01.pharmeasy.in/dam/products_otc/P20971/nua-overnight-disposable-period-panties-m-l-360-degree-coverage-sanitary-pad-pack-of-5-2-1704788838.jpg?dim=700x0&dpr=1&q=100
Whisper Ultra Night Sanitary Pads Xl Plus - 44 Pads,₹675,https://cdn01.pharmeasy.in/dam/products_otc/M23682/whisper-ultra-night-sanitary-pads-xl-plus-44-pads-2-1654234347.jpg?dim=700x0&dpr=1&q=100
Ayouthveda Vagitone Vaginal Gel.,₹315,https://cdn01.pharmeasy.in/dam/products_otc/F68880/ayouthveda-vagitone-vaginal-gel-2-1695120072.jpg?dim=700x0&dpr=1&q=100
Peesafe Reusable Sanitary Pads | 6 Regular+2 Overnight Pad + 2 Leak Proof Pouch | Skin Friendly,₹998,https://cdn01.pharmeasy.in/dam/products_otc/E56203/peesafe-reusable-sanitary-pads-6-regular2-overnight-pad-2-leak-proof-pouch-skin-friendly-2-1690436614.jpg?dim=700x0&dpr=1&q=100
Nua Ultra Thin Sanitary Pads Disposal Pouches50 Pcs X Pack Of 2 Sanitary Pad (Pack Of 100),₹1798,https://cdn01.pharmeasy.in/dam/products_otc/A67164/nua-ultra-thin-sanitary-pads-disposal-pouches50-pcs-x-pack-of-2-sanitary-pad-pack-of-100-2-1704788873.jpg?dim=700x0&dpr=1&q=100
Vigini Vaginal V Intimate Lightening Whitening Pigmentation Feminine Private Hygiene Gel Wash Women,₹325,https://cdn01.pharmeasy.in/dam/products_otc/D82314/vigini-vaginal-v-intimate-lightening-whitening-feminine-hygiene-gel-private-part-wash-women-100-ml-2-1721898262.jpg?dim=700x0&dpr=1&q=100
Sirona Fda Approved Premium Digital Tampon (Regular Flow) - 20 Tampon,₹295,https://cdn01.pharmeasy.in/dam/products_otc/I48473/sirona-fda-approved-premium-digital-tampon-regular-flow-20-tampon-2-1652368557.jpg?dim=700x0&dpr=1&q=100
Sheneed Feminine Vaginal Douche-Fresh Scent- With Ph-3.5 - 133 Ml (Pack Of 2),₹510,https://cdn01.pharmeasy.in/dam/products_otc/T54904/sheneed-feminine-vaginal-douche-fresh-scent-with-ph-35-133-ml-pack-of-2-2-1671744203.jpg?dim=700x0&dpr=1&q=100
Sirona Reusable Period Panties For Women (2xl Size) | 360 Degree Coverage | Leak-Proof Protection,₹749,https://cdn01.pharmeasy.in/dam/products_otc/Z55652/sirona-reusable-period-panties-for-women-2xl-size-360-degree-coverage-leak-proof-protection-2-1677247205.jpg?dim=700x0&dpr=1&q=100
"Sheneed Feminine Intimate Wipes 100% Biodegradable, Wipes For Women - 10 Wipe, Pack Of 2",₹400,https://cdn01.pharmeasy.in/dam/products_otc/X61949/sheneed-feminine-intimate-wipes-with-chamomile-flower-extract-vitamin-e-oil-10wipes-pack-of-2-2-1684480987.jpg?dim=700x0&dpr=1&q=100
Pigeon Manual Breast Pump - Basic Edition,₹998,https://cdn01.pharmeasy.in/dam/products_otc/M38917/pigeon-manual-breast-pump-basic-edition-2-1643880959.jpg?dim=700x0&dpr=1&q=100
"Wonderize Soft Comfort Cotton Sanitary Napkins For Women 35 Sanitary Pads (Combo Of 5) - 275mm, Xl",₹200,https://cdn01.pharmeasy.in/dam/products_otc/O42569/wonderize-soft-comfort-cotton-sanitary-napkins-for-women-35-sanitary-pads-combo-of-5-275mm-xl-2-1681298286.jpg?dim=700x0&dpr=1&q=100
Goli Soda Her Cup Reusable Menstrual Cup For Women - Teal,₹650,https://cdn01.pharmeasy.in/dam/products_otc/W12620/goli-soda-her-cup-reusable-menstrual-cup-for-women-teal-2-1695103704.jpg?dim=700x0&dpr=1&q=100
Pee Safe - Toilet Seat Lavender Sanitizer Spray - 50 Ml,N/A,https://cdn01.pharmeasy.in/dam/products_otc/I39889/pee-safe-toilet-seat-lavender-sanitizer-spray-50-ml-2-1669710606.jpg?dim=700x0&dpr=1&q=100
Everteen Witch Hazel Natural Intimate Wash For Intimate Hygiene In Moms 3 Packs (105ml Each),₹630,https://cdn01.pharmeasy.in/dam/products_otc/J71552/everteen-witch-hazel-natural-intimate-wash-for-intimate-hygiene-in-moms-3-packs-105ml-each-2-1684904546.jpg?dim=700x0&dpr=1&q=100
Peesafe Toilet Seat Sanitizer Spray (50ml - 3 Packs) - Lavender|Kills 99.9% Germs & Travel Friendly,₹349,https://cdn01.pharmeasy.in/dam/products_otc/O43842/peesafe-toilet-seat-sanitizer-spray-50ml-3-packs-lavenderkills-999-germs-travel-friendly-2-1690436552.jpg?dim=700x0&dpr=1&q=100
Bbold Menstrual Cups For Women - White - Small,₹499,https://cdn01.pharmeasy.in/dam/products_otc/W14775/bbold-menstrual-cups-for-women-white-small-2-1694149240.jpg?dim=700x0&dpr=1&q=100
Pee Safe Sanitary Pads Quarterly Subscription Box - 32 Pads (18 Overnight & 14 Regular),₹799,https://cdn01.pharmeasy.in/dam/products_otc/M93151/pee-safe-sanitary-pads-quarterly-subscription-box-32-pads-18-overnight-14-regular-2-1632780071.jpg?dim=700x0&dpr=1&q=100
Skore Strawberry Lubricant Bottle Of 50 Ml,₹300,https://cdn01.pharmeasy.in/dam/products_otc/I38171/skore-strawberry-lubricant-bottle-of-50-ml-2-1669710468.jpg?dim=700x0&dpr=1&q=100
Kamasutra Aloe Vera Water Based Lubricant Bottle Of 50 Ml,₹299,https://cdn01.pharmeasy.in/dam/products_otc/I38547/kamasutra-aloe-vera-water-based-lubricant-bottle-of-50-ml-2-1669710741.jpg?dim=700x0&dpr=1&q=100
Vigini Erase Stretch Marks Removal Cream & Bust Firming Massage Cream 200ml,₹900,https://cdn01.pharmeasy.in/dam/products_otc/Z55275/vigini-erase-stretch-marks-removal-cream-bust-firming-massage-cream-200ml-2-1670994854.jpg?dim=700x0&dpr=1&q=100
Equalstwo Anti Stretch Mark Oil 200ml,₹1449,https://cdn01.pharmeasy.in/dam/products_otc/N89117/equalstwo-anti-stretch-mark-oil-200ml-2-1709882136.jpg?dim=700x0&dpr=1&q=100
"Everteen Xxl Sanitary Napkin Pads With Cottony-Soft Top Layer For Women 4 Packs, 320mm",₹1596,https://cdn01.pharmeasy.in/dam/products_otc/F63003/everteen-xxl-sanitary-napkin-pads-with-cottony-soft-top-layer-for-women-4-packs-320mm-2-1695795395.jpg?dim=700x0&dpr=1&q=100
Pee Safe Toilet Seat Sanitizer Spray (75ml - Pack Of 2) - Mint|Kills 99.9% Germs & Travel Friendly,₹360,https://cdn01.pharmeasy.in/dam/products_otc/R59552/pee-safe-toilet-seat-sanitizer-spray-75ml-pack-of-2-mintkills-999-germs-travel-friendly-2-1690436136.jpg?dim=700x0&dpr=1&q=100
Nua Sanitary Pads |Xl | 50 Pads,₹849,https://cdn01.pharmeasy.in/dam/products_otc/D13685/nua-sanitary-pads-l-pads-medium-flow-pack-of-50-2-1707895351.jpg?dim=700x0&dpr=1&q=100
Pee Safe - Toilet Seat Sanitizer Spray 300 Ml Washroom Pack - Mint,₹499,https://cdn01.pharmeasy.in/dam/products_otc/I39892/pee-safe-toilet-seat-sanitizer-spray-300-ml-washroom-pack-mint-2-1669710956.jpg?dim=700x0&dpr=1&q=100
Dermadew Vg Wash Lotion 100ml,₹240,https://cdn01.pharmeasy.in/dam/products_otc/I15199/dermadew-vg-wash-lotion-100ml-1-1669710220.jpg?dim=700x0&dpr=1&q=100
Pee Safe Intimate Powder For Women - 75 Gm,₹199,https://cdn01.pharmeasy.in/dam/products_otc/O42953/pee-safe-intimate-powder-for-women-75-gm-2-1671741460.jpg?dim=700x0&dpr=1&q=100
Bbold Womens Essential Care Combo Bbold Intimate Wash|Menstrual Cramp Patches|Acne Patch,₹948,https://cdn01.pharmeasy.in/dam/products_otc/R17033/bbold-womens-essential-care-combo-bbold-intimate-washmenstrual-cramp-patchesacne-patch-2-1737454821.jpg?dim=700x0&dpr=1&q=100
Plush 100% Reusable Menstrual Cup For Women With Cotton Pouch | Size Small | Stem For Easy Removal,N/A,https://cdn01.pharmeasy.in/dam/products_otc/J68365/plush-100-reusable-menstrual-cup-for-women-with-cotton-pouch-size-small-stem-for-easy-removal-2-1702386741.jpg?dim=700x0&dpr=1&q=100
Elastoderm Cream 50gm,₹561,https://cdn01.pharmeasy.in/dam/products_otc/226604/elastoderm-cream-50gm-1-1671740754.jpg?dim=700x0&dpr=1&q=100
Pee Safe Menstrual Cup (Small) & Bio Panty Liners Combo | Extra Comfort And Long Lasting Protection,₹548,https://cdn01.pharmeasy.in/dam/products_otc/G16058/pee-safe-menstrual-cup-small-bio-panty-liners-combo-extra-comfort-and-long-lasting-protection-2-1703830133.jpg?dim=700x0&dpr=1&q=100
"Nua Sanitary Pads | 12 Heavy Flow, 20 Medium Flow , 18 Light Flow | 50 Pads",₹899,https://cdn01.pharmeasy.in/dam/products_otc/D06039/nua-sanitary-pads-12-heavy-flow-pads-20-medium-flow-pads-and-18-light-flow-pads-2-1704462010.jpg?dim=700x0&dpr=1&q=100
Wanish Tube Of 50gm Cream,₹306.13,https://cdn01.pharmeasy.in/dam/products_otc/I00330/wanish-tube-of-50gm-cream-1-1741262253.jpg?dim=700x0&dpr=1&q=100
Genwash Lotion 100ml,₹223.85,https://cdn01.pharmeasy.in/dam/products_otc/264389/genwash-lotion-100ml-1-1671741001.jpg?dim=700x0&dpr=1&q=100
I-Activ Menstrual Cup For Women | Large Size | Pack Of 1,₹335,https://cdn01.pharmeasy.in/dam/products_otc/M82097/i-activ-menstrual-cup-for-women-large-size-pack-of-1-2-1690014885.jpg?dim=700x0&dpr=1&q=100
Vwash Plus Intimate Wash Bottle Of 100 Ml,₹185,https://cdn01.pharmeasy.in/dam/products_otc/224994/vwash-plus-intimate-wash-bottle-of-100-ml-1-1675663805.jpg?dim=700x0&dpr=1&q=100
"Wonderize Dry Comfort Xl Sanitary Napkins For Women, 80 Sanitary Pads (Combo Of 10) Size - 275 Mm",₹600,https://cdn01.pharmeasy.in/dam/products_otc/F74089/wonderize-dry-comfort-xl-sanitary-napkins-for-women-80-sanitary-pads-combo-of-10-size-275-mm-2-1672046828.jpg?dim=700x0&dpr=1&q=100
Pee Safe Ultra Thin Sanitary Pads For Women | Cottony Soft Sanitary Napkins For Ultra Comfort | 12n,₹199,https://cdn01.pharmeasy.in/dam/products_otc/X74221/pee-safe-ultra-thin-sanitary-pads-for-women-cottony-soft-sanitary-napkins-for-ultra-comfort-12n-2-1711943720.jpg?dim=700x0&dpr=1&q=100
Pregnacream During And After Pregnancy Prevents & Reduces Stretch Marks 100gm,₹450,https://cdn01.pharmeasy.in/dam/products_otc/I09112/pregnacream-during-and-after-pregnancy-prevents-reduces-stretch-marks-100gm-2-1740843727.jpg?dim=700x0&dpr=1&q=100
Skore Chocolate Lubes-50 Ml,₹300,https://cdn01.pharmeasy.in/dam/products_otc/H31526/skore-chocolate-lubes-50-ml-2-1654251637.jpg?dim=700x0&dpr=1&q=100
Vigini Vaginal Intimate Lightening Whitening Feminine Hygiene Gel Wash & Sexual Lubricant Lube Women,₹975,https://cdn01.pharmeasy.in/dam/products_otc/D35953/vigini-vaginal-intimate-lightening-whitening-feminine-hygiene-wash-sensual-lubricant-lube-gel-women-2-1670994461.jpg?dim=700x0&dpr=1&q=100
Peesafe Toilet Seat Sanitizer Spray (75ml - 2 Packs) - Lavender|Kills 99.9% Germs & Travel Friendly,₹360,https://cdn01.pharmeasy.in/dam/products_otc/G58448/peesafe-toilet-seat-sanitizer-spray-75ml-2-packs-lavenderkills-999-germs-travel-friendly-2-1721024463.jpg?dim=700x0&dpr=1&q=100
Sirona Cottony Soft Rash Free Sanitary Pads For Women - Pack Of 30 (Xl Size),₹399,https://cdn01.pharmeasy.in/dam/products_otc/M08504/sirona-cottony-soft-rash-free-sanitary-pads-for-women-pack-of-30-xl-size-2-1677244918.jpg?dim=700x0&dpr=1&q=100
Kamasutra Strawberry Water Based Lubricant Bottle Of 50 Ml,₹299,https://cdn01.pharmeasy.in/dam/products_otc/I38548/kamasutra-strawberry-water-based-lubricant-bottle-of-50-ml-2-1669710898.jpg?dim=700x0&dpr=1&q=100
Heyday Reusable Large Menstrual Cup (1 Cup | Heavy Flow),₹499,https://cdn01.pharmeasy.in/dam/products_otc/R23840/heyday-reusable-large-menstrual-cup-1-cup-heavy-flow-2-1671742547.jpg?dim=700x0&dpr=1&q=100
New Whisper Ultra Bindazzz Nights Xl + (317mm) 44 Sanitary Pads,₹649,https://cdn01.pharmeasy.in/dam/products_otc/M84946/new-whisper-ultra-bindazzz-nights-xl-317mm-44-sanitary-pads-2-1701332618.jpg?dim=700x0&dpr=1&q=100
Nua Ultra Safe Sanitary Pads|Super Saver Pack| Heavy Flow Xl30 Pads X Pack Of 2 (Pack Of 60),₹898,https://cdn01.pharmeasy.in/dam/products_otc/T93754/nua-ultra-safe-sanitary-padssuper-saver-pack-heavy-flow-xl30-pads-x-pack-of-2-pack-of-60-2-1704788750.jpg?dim=700x0&dpr=1&q=100
Imbue Niraama Period Pain Relief Oil | Effective Formulation To Relieve Pain (15ml),₹498,https://cdn01.pharmeasy.in/dam/products_otc/J41087/imbue-niraama-period-pain-relief-oil-effective-formulation-to-relieve-pain-15ml-2-1671743464.jpg?dim=700x0&dpr=1&q=100
Sirona Premium Digital Tampon (Regular Flow) Medium Flow - 12 Pieces,₹195,https://cdn01.pharmeasy.in/dam/products_otc/I48483/sirona-premium-digital-tampon-regular-flow-medium-flow-12-pieces-2-1669711277.jpg?dim=700x0&dpr=1&q=100
I-Activ Menstrual Cup - Large,₹335,https://cdn01.pharmeasy.in/dam/products_otc/K59260/i-activ-menstrual-cup-large-2-1654250876.jpg?dim=700x0&dpr=1&q=100
Everteen Daily Panty Liners With Antibacterial Strip For Women - 1 Pack (30pcs),₹166,https://cdn01.pharmeasy.in/dam/products_otc/L86416/everteen-daily-panty-liners-with-antibacterial-strip-for-women-1-pack-30pcs-2-1671743056.jpg?dim=700x0&dpr=1&q=100
Wonderize Ultra Thin Cotton Panty Liners - 24 Liners Size - 155mm | Daily Use Freshness & Protection,₹125,https://cdn01.pharmeasy.in/dam/products_otc/E04868/wonderize-ultra-thin-cotton-panty-liners-24-liners-size-155mm-daily-use-freshness-protection-2-1681298057.jpg?dim=700x0&dpr=1&q=100
Peewash Intimate Hygiene Wash | Woman | 100ml,₹270,https://cdn01.pharmeasy.in/dam/products_otc/T19380/peewash-intimate-hygiene-wash-woman-100ml-6.1-1739869412.jpg?dim=700x0&dpr=1&q=100
Gizmoswala Titan Gel Lubricant Provides Comfort During Inercourse - For Men - 1 Unit,₹1200,https://cdn01.pharmeasy.in/dam/products_otc/E10988/gizmoswala-titan-gel-lubricant-provides-comfort-during-inercourse-for-men-1-unit-2-1671742140.jpg?dim=700x0&dpr=1&q=100
"Peesafe Pee Safe Toilet Seat Sanitizer Spray - 75 Ml (Pack Of 3, Lavender)",₹499,https://cdn01.pharmeasy.in/dam/products_otc/H54035/peesafe-pee-safe-toilet-seat-sanitizer-spray-75-ml-pack-of-3-lavender-2-1690436251.jpg?dim=700x0&dpr=1&q=100
Nua Ultra-Safe Sanitary Pads | Light Flow| 12 Pads,₹239,https://cdn01.pharmeasy.in/dam/products_otc/F85847/nua-sanitary-pads-l-pads-medium-flow-pack-of-12-2-1704462139.jpg?dim=700x0&dpr=1&q=100
Love Earth Toilet Seat Sanitizer Eliminates Germs & Foul Odour 100ml,₹199,https://cdn01.pharmeasy.in/dam/products_otc/D80799/love-earth-toilet-seat-sanitizer-eliminates-germs-foul-odour-100ml-2-1684123317.jpg?dim=700x0&dpr=1&q=100
Plush Daily Cotton Pantyliner (Pack Of 40),₹240,https://cdn01.pharmeasy.in/dam/products_otc/O20878/plush-daily-cotton-pantyliner-pack-of-40-2-1723098914.jpg?dim=700x0&dpr=1&q=100
"Amocare Foam Wash For Men | Ph Balanced, Hygiene Wash | Prevents Infection, Irritation & Bad Odour",₹599,https://cdn01.pharmeasy.in/dam/products_otc/R94029/tender-touch-intimate-wash-men-2-1723785710.jpg?dim=700x0&dpr=1&q=100
Clingen Intimate Hygiene Wash Bottle Of 100ml,₹195,https://cdn01.pharmeasy.in/dam/products/264353/clingen-wash-lotion-100ml-1-1641531675.jpg?dim=700x0&dpr=1&q=100
Everteen Natural Intimate Wash For Feminine Hygiene In Women | 2 Packs (210ml Each),₹700,https://cdn01.pharmeasy.in/dam/products_otc/M98755/everteen-natural-intimate-wash-for-feminine-hygiene-in-women-2-packs-210ml-each-2-1684904202.jpg?dim=700x0&dpr=1&q=100
Luciara Anti-Stretch Marks Cream To Reduce Pregnancy Stretch Marks | 50 G,₹550,https://cdn01.pharmeasy.in/dam/products_otc/239997/luciara-anti-stretch-marks-cream-to-reduce-pregnancy-stretch-marks-50-g-6.1-1696398415.jpg?dim=700x0&dpr=1&q=100
Skore Warm Sensation Lubricant Bottle Of 50 Ml,₹300,https://cdn01.pharmeasy.in/dam/products_otc/I38168/skore-warm-sensation-lubricant-bottle-of-50-ml-2-1669710667.jpg?dim=700x0&dpr=1&q=100
Vigini Erase Stretch Marks Removal Cream & Body Massage Cream 200ml,₹900,https://cdn01.pharmeasy.in/dam/products_otc/S97649/vigini-erase-stretch-marks-removal-cream-body-massage-cream-200ml-2-1670995377.jpg?dim=700x0&dpr=1&q=100
Stergic Next Comfy Manual Breast Pump With Silicon Breast Shield | 3 Intensity Levels Soft & Gentle,₹999,https://cdn01.pharmeasy.in/dam/products_otc/B38903/stergic-next-comfy-manual-breast-pump-with-silicon-breast-shield-3-intensity-levels-soft-gentle-2-1736165947.jpg?dim=700x0&dpr=1&q=100
Vigini Erase Stretch Marks Scars Removal Cream & Oil In During After Pregancy Delivery Women 200ml,₹900,https://cdn01.pharmeasy.in/dam/products_otc/H43448/vigini-erase-stretch-marks-scars-removal-cream-oil-in-during-after-pregancy-delivery-women-200ml-2-1670994727.jpg?dim=700x0&dpr=1&q=100
Peesafe Toilet Seat Sanitizer Spray (50ml - 2 Packs) - Lavender|Kills 99.9% Germs & Travel Friendly,₹240,https://cdn01.pharmeasy.in/dam/products_otc/Y15184/peesafe-toilet-seat-sanitizer-spray-50ml-2-packs-lavenderkills-999-germs-travel-friendly-2-1721023129.jpg?dim=700x0&dpr=1&q=100
New Whisper Ultra Soft Xl 50 (284mm) Sanitary Pads,N/A,https://cdn01.pharmeasy.in/dam/products_otc/L92149/new-whisper-ultra-soft-xl-50-284mm-sanitary-pads-2-1690889830.jpg?dim=700x0&dpr=1&q=100
I-Activ Menstrual Cup- Small,₹335,https://cdn01.pharmeasy.in/dam/products_otc/O57923/i-activ-menstrual-cup-small-3-1641793688.jpg?dim=700x0&dpr=1&q=100
Bbold Menstrual Cups For Women - Black - Extra Small,₹499,https://cdn01.pharmeasy.in/dam/products_otc/R46358/bbold-menstrual-cups-for-women-black-extra-small-2-1694149540.jpg?dim=700x0&dpr=1&q=100
Vigini Erase Stretch Marks Scar Uneven Tone Removal Bio Oil Cream In During After Pregnancy Delivery,₹375,https://cdn01.pharmeasy.in/dam/products_otc/V67045/vigini-erase-stretch-marks-scars-removal-cream-oil-during-after-pregnancy-with-bio-oil-100gm-2-1723185592.jpg?dim=700x0&dpr=1&q=100
Sirona Disposable Period Panty - S & M,₹269,https://cdn01.pharmeasy.in/dam/products_otc/L81831/sirona-disposable-period-panty-s-m-2-1677244863.jpg?dim=700x0&dpr=1&q=100
Wanish Skin Lotion 100ml,₹397.96,https://cdn01.pharmeasy.in/dam/products_otc/275551/wanish-skin-lotion-100ml-2-1679921790.jpg?dim=700x0&dpr=1&q=100
Fenza Wash Expert Intimate Hygiene Wash 100 - Ml (Pack Of 3) Tea Tree Oil,₹786,https://cdn01.pharmeasy.in/dam/products_otc/T89238/fenza-wash-expert-intimate-hygiene-wash-100-ml-pack-of-3-tea-tree-oil-2-1694746487.jpg?dim=700x0&dpr=1&q=100
Durex Naturals Intimate Lubricant Gel - 100ml,₹599,https://cdn01.pharmeasy.in/dam/products_otc/J60380/durex-naturals-intimate-lubricant-gel-100ml-6.1-1732625833.jpg?dim=700x0&dpr=1&q=100
Pee Safe Natural Intimate Wash For Men - 100 Ml,₹399,https://cdn01.pharmeasy.in/dam/products_otc/Y15204/pee-safe-natural-intimate-wash-for-men-100-ml-2-1637561657.jpg?dim=700x0&dpr=1&q=100
Everteen Yogurt Natural Intimate Wash For Feminine Intimate Hygiene In Teens 1 Pack- 105ml,₹210,https://cdn01.pharmeasy.in/dam/products_otc/R16757/everteen-yogurt-natural-intimate-wash-for-feminine-intimate-hygiene-in-teens-1-pack-105ml-2-1671743059.jpg?dim=700x0&dpr=1&q=100
Mom & World Reusable Menstrual Cup For Women 100% Medical Grade Silicone-(Small),₹399,https://cdn01.pharmeasy.in/dam/products_otc/D19841/mom-world-reusable-menstrual-cup-for-women-100-medical-grade-silicone-small-2-1681453293.jpg?dim=700x0&dpr=1&q=100
Mom & World Reusable Menstrual Cup For Women Odor And Rash Free No Leakage (Small) X Pack Of 2,₹798,https://cdn01.pharmeasy.in/dam/products_otc/N38773/mom-world-reusable-menstrual-cup-for-women-odor-and-rash-free-no-leakage-small-x-pack-of-2-2-1681452353.jpg?dim=700x0&dpr=1&q=100
Pee Safe Aloe Vera Size S Panty Liners Box Of 25,N/A,https://cdn01.pharmeasy.in/dam/products_otc/I39896/pee-safe-aloe-vera-size-s-panty-liners-box-of-25-2-1669710605.jpg?dim=700x0&dpr=1&q=100
Vwash Plus Ph 3.5 Liquid Wash 200ml,₹370,https://cdn01.pharmeasy.in/dam/products_otc/259379/vwash-plus-ph-35-liquid-wash-200ml-2-1669634990.jpg?dim=700x0&dpr=1&q=100
Sirona Reusable Size L Menstrual Cup,N/A,https://cdn01.pharmeasy.in/dam/products_otc/I48470/sirona-reusable-size-l-menstrual-cup-2-1678861514.jpg?dim=700x0&dpr=1&q=100
Sebamed Ph 3.8 Intimate Wash For Sensitive Skin 50 Ml,₹255,https://cdn01.pharmeasy.in/dam/products_otc/Q34730/sebamed-ph-38-intimate-wash-for-sensitive-skin-50-ml-6.1-1732709382.jpg?dim=700x0&dpr=1&q=100
Pee Safe Natural Intimate Wash -105 Ml,₹180,https://cdn01.pharmeasy.in/dam/products_otc/I48603/pee-safe-natural-intimate-wash-105-ml-2-1669711268.jpg?dim=700x0&dpr=1&q=100
New Whisper Ultra Soft Skin Love Xl+ (317mm) 30 Sanitary Pads,N/A,https://cdn01.pharmeasy.in/dam/products_otc/N97593/new-whisper-ultra-soft-skin-love-xl-317mm-30-sanitary-pads-2-1701077190.jpg?dim=700x0&dpr=1&q=100
"Pee Safe Organic Cotton, Tampons, Trial Pack, 6 Tampons - 2 Regular, 2 Super, 2 Super Plus",₹99,https://cdn01.pharmeasy.in/dam/products_otc/D36364/pee-safe-organic-cotton-tampons-trial-pack-6-tampons-2-regular-2-super-2-super-plus-2-1721024648.jpg?dim=700x0&dpr=1&q=100
"Nua Sanitary Pads | 3 Heavy Flow, 5 Medium Flow, 4 Light Flow | 12 Pads",₹239,https://cdn01.pharmeasy.in/dam/products_otc/O22313/nua-sanitary-pads-3-heavy-flow-pads-5-medium-flow-pads-and-4-light-flow-pads-2-1704462029.jpg?dim=700x0&dpr=1&q=100
Formen Foam Based Intimate Wash For Men | Ph Balanced Hygiene Wash For Bad Odor(100 Ml),₹599,https://cdn01.pharmeasy.in/dam/products_otc/Z20361/formen-foam-based-intimate-wash-for-men-ph-balanced-hygiene-wash-for-bad-odor100-ml-2-1703745326.jpg?dim=700x0&dpr=1&q=100
Everteen Cottony - Soft Sanitary Napkin Pads Enriched With Neem And Safflower - Xxl-1 Pack (40 Pads),₹399,https://cdn01.pharmeasy.in/dam/products_otc/Q59629/everteen-cottony-soft-sanitary-napkin-pads-enriched-with-neem-and-safflower-xxl-1-pack-40-pads-2-1695795083.jpg?dim=700x0&dpr=1&q=100
Carmesi Reusable Menstrual Cup - The Softest Cup Everr... (1 Pc Large),₹550,https://cdn01.pharmeasy.in/dam/products_otc/C57309/carmesi-reusable-menstrual-cup-the-softest-cup-everr-1-pc-large-2-1671742308.jpg?dim=700x0&dpr=1&q=100
Formen Foam Based Intimate Wash Anti Bacterial | Anti Fungal Sulphate & Paraben Free 100ml-Pack Of 2,₹1198,https://cdn01.pharmeasy.in/dam/products_otc/H85077/formen-foam-based-intimate-wash-anti-bacterial-anti-fungal-sulphate-paraben-free-100ml-pack-of-2-2-1713858241.jpg?dim=700x0&dpr=1&q=100
Nua Ultra Thin Pads 25 Heavy Flow-Xl50 Pcs X Pack Of 2 Sanitary Pad (Pack Of 100),₹1798,https://cdn01.pharmeasy.in/dam/products_otc/S63866/nua-ultra-thin-pads-25-heavy-flow-xl50-pcs-x-pack-of-2-sanitary-pad-pack-of-100-2-1704788889.jpg?dim=700x0&dpr=1&q=100
Goli Soda All Natural Probiotics Cloth Pad Diaper Soap Soap - 90 G -(Pack Of 1),₹250,https://cdn01.pharmeasy.in/dam/products_otc/Z96572/goli-soda-all-natural-probiotics-cloth-pad-diaper-soap-soap-90-g-pack-of-1-2-1695103556.jpg?dim=700x0&dpr=1&q=100
Sirona Reusable Menstrual Cup For Women - Small Size With Pouch,₹399,https://cdn01.pharmeasy.in/dam/products_otc/L62748/sirona-reusable-menstrual-cup-for-women-small-size-with-pouch-2-1709702597.jpg?dim=700x0&dpr=1&q=100
Everteen Witch Hazel Natural Intimate Wash For Feminine Intimate Hygiene In Moms 1 Pack- 105ml,₹210,https://cdn01.pharmeasy.in/dam/products_otc/O06636/everteen-witch-hazel-natural-intimate-wash-for-feminine-intimate-hygiene-in-moms-1-pack-105ml-2-1671743050.jpg?dim=700x0&dpr=1&q=100
Sheneed Feminine Vaginal Douche-Fresh Scent-With Ph-3.5 - 133 Ml,₹309,https://cdn01.pharmeasy.in/dam/products_otc/Q43202/sheneed-feminine-vaginal-douche-fresh-scent-with-ph-35-133-ml-2-1671743393.jpg?dim=700x0&dpr=1&q=100
"Sheneed Feminine Intimate Spray For Women, For Bikini Area With Aloe Vera & Menthol 100ml",₹200,https://cdn01.pharmeasy.in/dam/products_otc/Q35152/sheneed-feminine-intimate-spray-for-women-for-bikini-area-with-aloe-vera-menthol-100ml-2-1641285094.jpg?dim=700x0&dpr=1&q=100
Goli Soda Her Cup Reusable Menstrual Cup For Women - Fushia,₹650,https://cdn01.pharmeasy.in/dam/products_otc/R57693/goli-soda-her-cup-reusable-menstrual-cup-for-women-fushia-2-1695104247.jpg?dim=700x0&dpr=1&q=100
Sirona Reusable Menstrual Cup Disc For Women - Large -1 Unit,₹699,https://cdn01.pharmeasy.in/dam/products_otc/N16698/sirona-reusable-menstrual-cup-disc-for-women-large-1-unit-2-1680877548.jpg?dim=700x0&dpr=1&q=100
Pee Safe Biodegradable Sanitary Pads (Regular) Box Of 10,₹299,https://cdn01.pharmeasy.in/dam/products_otc/O15877/pee-safe-biodegradable-sanitary-pads-regular-box-of-10-2-1632777139.jpg?dim=700x0&dpr=1&q=100
Everteen Cottony - Dry Sanitary Napkin Pads Enriched With Neem And Safflower - Xxl-1 Pack (40 Pads),₹399,https://cdn01.pharmeasy.in/dam/products_otc/B38554/everteen-cottony-dry-sanitary-napkin-pads-enriched-with-neem-and-safflower-xxl-1-pack-40-pads-2-1695794880.jpg?dim=700x0&dpr=1&q=100
Everteen Natural Intimate Wash For Feminine Hygiene In Women 1 Pack- 210ml,₹350,https://cdn01.pharmeasy.in/dam/products_otc/G13697/everteen-natural-intimate-wash-for-feminine-hygiene-in-women-1-pack-210ml-2-1671743019.jpg?dim=700x0&dpr=1&q=100
Everteen Xl Cottony-Soft Sanitary Pads (Neem | Safflower) Pack Of 2 | 20 Pads Each,₹190,https://cdn01.pharmeasy.in/dam/products_otc/Q67304/everteen-xl-cottony-soft-sanitary-pads-neem-safflower-pack-of-2-20-pads-each-2-1687429162.jpg?dim=700x0&dpr=1&q=100
Mederma Pm Intensive Overnight Cream 10gm (Free Revlon Tough & Glow Creme Face Wash 20gm),₹485,https://cdn01.pharmeasy.in/dam/products_otc/N71695/mederma-pm-intensive-overnight-cream-10gm-free-revlon-tough-glow-creme-face-wash-20gm-1-1706007061.jpg?dim=700x0&dpr=1&q=100
"Wonderize Dry Comfort Xl Sanitary Napkins For Women, 40 Sanitary Pads (Combo Of 5) Size - 275 Mm",₹300,https://cdn01.pharmeasy.in/dam/products_otc/S61527/wonderize-dry-comfort-xl-sanitary-napkins-for-women-40-sanitary-pads-combo-of-5-size-275-mm-2-1672044998.jpg?dim=700x0&dpr=1&q=100
Bio-Oil Specialist Skin Care Oil - Scars Stretch Mark Ageing Uneven Skin Tone 60 Ml,₹625,https://cdn01.pharmeasy.in/dam/products_otc/I05890/bio-oil-specialist-skin-care-oil-scars-stretch-mark-ageing-uneven-skin-tone-60-ml-1-1669634988.jpg?dim=700x0&dpr=1&q=100
Sirona Reusable Size S Menstrual Cup,₹399,https://cdn01.pharmeasy.in/dam/products_otc/I48476/sirona-reusable-size-s-menstrual-cup-2-1678861465.jpg?dim=700x0&dpr=1&q=100
"Everteen Xl Cottony-Soft Sanitary Pads (Neem, Safflower) Pack Of 4, 20 Pads Each",₹380,https://cdn01.pharmeasy.in/dam/products_otc/X05286/everteen-xl-cottony-soft-sanitary-pads-neem-safflower-pack-of-4-20-pads-each-6.1-1688046974.jpg?dim=700x0&dpr=1&q=100
Plush Pure Cotton Sanitary Pads With Individual Disposable Pouch|100% Rash Free|5l+4xl Sanitary Pads,₹225,https://cdn01.pharmeasy.in/dam/products_otc/O45626/plush-pure-cotton-sanitary-pads-with-individual-disposable-pouch100-rash-free5l4xl-sanitary-pads-2-1723099017.jpg?dim=700x0&dpr=1&q=100
Pee Safe Reusable Menstrual Cup With Medical Grade Silcone For Women - Extra Small,₹349,https://cdn01.pharmeasy.in/dam/products_otc/B09706/pee-safe-reusable-menstrual-cup-with-medical-grade-silcone-for-women-extra-small-2-1703830079.jpg?dim=700x0&dpr=1&q=100
Stayfree Advanced All Nights Ultra Soft Xxl 7 Sanitary Pads,₹100,https://cdn01.pharmeasy.in/dam/products_otc/A68465/stayfree-advanced-all-nights-ultra-soft-xxl-7-sanitary-pads-2-1691754926.jpg?dim=700x0&dpr=1&q=100
Rejuglow Gel 30gm,₹399,https://cdn01.pharmeasy.in/dam/products/J45601/rejuglow-gel-30gm-1-1641303202.jpg?dim=700x0&dpr=1&q=100
Everteen Xxl Sanitary Napkin Pads With Cottony-Dry Top Layer For Women 2 Packs | 320mm,₹798,https://cdn01.pharmeasy.in/dam/products_otc/O31593/everteen-xxl-sanitary-napkin-pads-with-cottony-dry-top-layer-for-women-2-packs-320mm-2-1695795447.jpg?dim=700x0&dpr=1&q=100
Plush 100% Reusable Menstrual Cup For Women With Cotton Pouch | Size Extra Small,₹599,https://cdn01.pharmeasy.in/dam/products_otc/C60118/plush-100-reusable-menstrual-cup-for-women-with-cotton-pouch-size-extra-small-2-1702386579.jpg?dim=700x0&dpr=1&q=100
Nua Ultra Thin Sanitary Pads For Women All L: 30 Pads X (Pack Of 2) Sanitary Pad (Pack Of 2),N/A,https://cdn01.pharmeasy.in/dam/products_otc/F17104/nua-ultra-thin-sanitary-pads-for-women-all-l-30-pads-x-pack-of-2-sanitary-pad-pack-of-2-2-1704788877.jpg?dim=700x0&dpr=1&q=100
Ayouthveda Vagitone Intimatev Hygiene Wash.,₹175,https://cdn01.pharmeasy.in/dam/products_otc/W73780/ayouthveda-vagitone-intimatev-hygiene-wash-2-1695119749.jpg?dim=700x0&dpr=1&q=100
Sirona Premium Digital Tampon (Heavy Flow) Packet Of 20,₹315,https://cdn01.pharmeasy.in/dam/products_otc/I48474/sirona-premium-digital-tampon-heavy-flow-packet-of-20-2-1652368490.jpg?dim=700x0&dpr=1&q=100
Peesafe Pee Safe Reusable Menstrual Cup With Medical Grade Silcone For Women - Large,₹349,https://cdn01.pharmeasy.in/dam/products_otc/G18534/peesafe-pee-safe-reusable-menstrual-cup-with-medical-grade-silcone-for-women-large-2-1709702825.jpg?dim=700x0&dpr=1&q=100
"Vigini Vaginal Intimate Whitening Feminine Hygiene V Wash, Breast Bust Enlargement Enhancer Firming",₹850,https://cdn01.pharmeasy.in/dam/products_otc/Z62416/vigini-vaginal-intimate-whitening-feminine-hygiene-v-wash-breast-bust-enlargement-enhancer-firming-2-1670994845.jpg?dim=700x0&dpr=1&q=100
Heyday Reusable Medium + Heyday Large Menstrual Cup Combo (1 Cup | Regular + Heavy Flow),₹999,https://cdn01.pharmeasy.in/dam/products_otc/E75447/heyday-reusable-medium-heyday-large-menstrual-cup-combo-1-cup-regular-heavy-flow-2-1671742444.jpg?dim=700x0&dpr=1&q=100
Sheneed 24 Hours Protection Feminine Intimate Wash - 200 Ml,₹400,https://cdn01.pharmeasy.in/dam/products_otc/L18713/sheneed-24-hours-protection-feminine-intimate-wash-200-ml-2-1671744106.jpg?dim=700x0&dpr=1&q=100
Sirona Natural Ultra Soft Superr Pads ( 420mm ) - 8 Pieces,₹289,https://cdn01.pharmeasy.in/dam/products_otc/L91868/sirona-natural-ultra-soft-superr-pads-420mm-8-pieces-2-1641790089.jpg?dim=700x0&dpr=1&q=100
Sanfe Reusable Menstrual Cup With No Rashes Leakage Or Odor - Premium Design For Women - Large,₹499,https://cdn01.pharmeasy.in/dam/products_otc/K58148/sanfe-reusable-menstrual-cup-with-no-rashes-leakage-or-odor-premium-design-for-women-large-2-1641790059.jpg?dim=700x0&dpr=1&q=100
Pee Safe Toilet Seat Sanitizer Spray (50ml - Pack Of 2) - Mint |Kills 99.9% Germs & Travel Friendly,₹240,https://cdn01.pharmeasy.in/dam/products_otc/A38692/pee-safe-toilet-seat-sanitizer-spray-50ml-pack-of-2-mint-kills-999-germs-travel-friendly-2-1690436182.jpg?dim=700x0&dpr=1&q=100
Femzy Pregnancy & Breastfeeding Pillow (Grey) 2500g,₹2999,https://cdn01.pharmeasy.in/dam/products_otc/H62679/femzy-pregnancy-breastfeeding-pillow-grey-2500g-2-1644583552.jpg?dim=700x0&dpr=1&q=100
Vigini Vaginal V Intimate Feminine Hygiene Wash + Breast Enlargement Enhancer Bust Firming Cream,₹850,https://cdn01.pharmeasy.in/dam/products_otc/N00093/vigini-vaginal-v-intimate-whitening-feminine-hygiene-wash-breast-enlargement-enhancer-bust-firming-2-1721898273.jpg?dim=700x0&dpr=1&q=100
Sheneed Feminine Intimate Wipes With Chamomile Flower Extract & Vitamin E Oil -10 Wipes,₹200,https://cdn01.pharmeasy.in/dam/products_otc/O52831/sheneed-feminine-intimate-wipes-with-chamomile-flower-extract-vitamin-e-oil-10wipes-2-1684481741.jpg?dim=700x0&dpr=1&q=100
R For Rabbit First Feed Nova,₹3699,https://cdn01.pharmeasy.in/dam/products_otc/A92079/r-for-rabbit-first-feed-nova-2-1710157603.jpg?dim=700x0&dpr=1&q=100
Peesafe Reusable Menstrual Cup For Women - Medium Size With Pouch| Us Fda Registered | Pack Of 1,₹349,https://cdn01.pharmeasy.in/dam/products_otc/O08911/peesafe-reusable-menstrual-cup-for-women-medium-size-with-pouch-us-fda-registered-pack-of-1-2-1709702060.jpg?dim=700x0&dpr=1&q=100
Pee Safe Toilet Seat Sanitizer Spray (50ml - Pack Of 6) - Mint|Kills 99.9% Germs & Travel Friendly,₹720,https://cdn01.pharmeasy.in/dam/products_otc/X35912/pee-safe-toilet-seat-sanitizer-spray-50ml-pack-of-6-mintkills-999-germs-travel-friendly-2-1690435996.jpg?dim=700x0&dpr=1&q=100
Pee Safe 100% Organic Cotton Biodegradable Panty Liners - Pack Of 15,₹199,https://cdn01.pharmeasy.in/dam/products_otc/A38130/pee-safe-100-organic-cotton-biodegradable-panty-liners-pack-of-15-1-1671741665.jpg?dim=700x0&dpr=1&q=100
Nua Ultra Safe Sanitary Pads | Heavy Flow | 50 Pads,₹899,https://cdn01.pharmeasy.in/dam/products_otc/E45965/nua-sanitary-pads-xl-pads-heavy-flow-pack-of-50-2-1704462056.jpg?dim=700x0&dpr=1&q=100
Bbold Menstrual Cups For Women - Black - Small,₹499,https://cdn01.pharmeasy.in/dam/products_otc/M27507/bbold-menstrual-cups-for-women-black-small-2-1694149816.jpg?dim=700x0&dpr=1&q=100
Everteen Daily Panty Liners With Antibacterial Strip For Women - 1 Pack (36pcs),₹199,https://cdn01.pharmeasy.in/dam/products_otc/V99163/everteen-daily-panty-liners-with-antibacterial-strip-for-women-1-pack-36pcs-2-1643448750.jpg?dim=700x0&dpr=1&q=100
Pee Safe Applicator Tampons For Regular Flow 8 Pieces | Leak Proof | Highly Absorbent | Bpa Free,₹265,https://cdn01.pharmeasy.in/dam/products_otc/V95931/pee-safe-applicator-tampons-for-regular-flow-8-pieces-leak-proof-highly-absorbent-bpa-free-2-1721023291.jpg?dim=700x0&dpr=1&q=100
Pee Safe Reusable Sanitary Pads | 5n ( 3 Regular Pads + 1 Overnight Pad + 1 Leak Proof Pouch),N/A,https://cdn01.pharmeasy.in/dam/products_otc/Y12043/pee-safe-reusable-sanitary-pads-5n-3-regular-pads-1-overnight-pad-1-leak-proof-pouch-1-1671742234.jpg?dim=700x0&dpr=1&q=100
Vwash Plus Intimate Wash Bottle Of 350 Ml,₹639,https://cdn01.pharmeasy.in/dam/products_otc/I09346/v-wash-plus-intimate-wash-bottle-of-350-ml-2-1669635087.jpg?dim=700x0&dpr=1&q=100
Tnw-The Natural Wash Body Care Combo With Stretch Mark Oil All Skin Types 115ml,₹780,https://cdn01.pharmeasy.in/dam/products_otc/O19944/tnw-the-natural-wash-body-care-combo-with-stretch-mark-oil-all-skin-types-115ml-2-1688987256.jpg?dim=700x0&dpr=1&q=100
Mom & World Reusable Menstrual Cup For Women Odor And Rash Free No Leakage (Large) X Pack Of 2,₹798,https://cdn01.pharmeasy.in/dam/products_otc/R46761/mom-world-reusable-menstrual-cup-for-women-odor-and-rash-free-no-leakage-large-x-pack-of-2-2-1681452434.jpg?dim=700x0&dpr=1&q=100
Miniscar Cream 30gm,₹115,https://cdn01.pharmeasy.in/dam/products/241810/miniscar-cream-30gm-3-1658155841.jpg?dim=700x0&dpr=1&q=100
Wonderize Ultra Dry Sanitary Napkins - Size Xl - 60 Pads Pack (Combo Of 2) - Uniquely Shaped Flaps,₹750,https://cdn01.pharmeasy.in/dam/products_otc/G18153/wonderize-ultra-dry-sanitary-napkins-size-xl-60-pads-pack-combo-of-2-uniquely-shaped-flaps-2-1681298035.jpg?dim=700x0&dpr=1&q=100
1m Daily Intimate Hygiene Wash | Ph 3.5 | Tube | 100gm,₹96.36,https://cdn01.pharmeasy.in/dam/products_otc/275507/1m-daily-intimate-hygiene-wash-ph-35-tube-100gm-8.1-1723809322.jpg?dim=700x0&dpr=1&q=100
Wonderize Soft Comfort Regular Sanitary Napkins For Women - 80 Pads (Combo Of 4),₹280,https://cdn01.pharmeasy.in/dam/products_otc/Y53860/wonderize-soft-comfort-regular-sanitary-napkins-for-women-80-pads-combo-of-4-2-1681298077.jpg?dim=700x0&dpr=1&q=100
Sirona Premium Digital Tampon Super Plus Heavy Flow - 20 Pieces,₹329,https://cdn01.pharmeasy.in/dam/products_otc/U36925/sirona-premium-digital-tampon-super-plus-heavy-flow-20-pieces-2-1641789692.jpg?dim=700x0&dpr=1&q=100
Plush 100% Reusable Menstrual Cup For Women With Cotton Pouch | Size-Large | Stem For Easy Removal,₹599,https://cdn01.pharmeasy.in/dam/products_otc/N51031/plush-100-reusable-menstrual-cup-for-women-with-cotton-pouch-size-large-stem-for-easy-removal-2-1702387491.jpg?dim=700x0&dpr=1&q=100
Whisper Ultra Hygiene + Comfort Xl Plus (317mm) 50 Sanitary Pads,₹659,https://cdn01.pharmeasy.in/dam/products_otc/B07134/whisper-ultra-hygiene-comfort-xl-plus-317mm-50-sanitary-pads-2-1706014073.jpg?dim=700x0&dpr=1&q=100
Inlife Vash Intimate Wash For Women | Maintains Ph Levels | Intimate Hygiene | 250ml,₹499,https://cdn01.pharmeasy.in/dam/products_otc/H56728/inlife-vash-intimate-wash-for-women-maintains-ph-levels-intimate-hygiene-250ml-2-1687174331.jpg?dim=700x0&dpr=1&q=100
Pee Safe 100% Organic Tampon (Super) | Stain-Free | Ultra Soft & Highly Absorbent | Pack Of 10,₹199,https://cdn01.pharmeasy.in/dam/products_otc/V90025/pee-safe-100-organic-tampon-super-stain-free-ultra-soft-highly-absorbent-pack-of-10-2-1721023359.jpg?dim=700x0&dpr=1&q=100
Gynocup Premium Menstrual Cup For Women Small Size With Wash-100ml (Combo),N/A,https://cdn01.pharmeasy.in/dam/products_otc/N28376/gynocup-premium-menstrual-cup-for-women-small-size-with-wash-100ml-combo-2-1645196536.jpg?dim=700x0&dpr=1&q=100
Wonderize Soft Comfort Regular Sanitary Napkins For Women - 40 Pads (Combo Of 2),N/A,https://cdn01.pharmeasy.in/dam/products_otc/R87476/wonderize-soft-comfort-regular-sanitary-napkins-for-women-40-pads-combo-of-2-2-1672046227.jpg?dim=700x0&dpr=1&q=100
Everteen Yogurt Natural Intimate Wash For Feminine Intimate Hygiene In Teens - 2 Packs (105ml Each),₹420,https://cdn01.pharmeasy.in/dam/products_otc/W03148/everteen-yogurt-natural-intimate-wash-for-feminine-intimate-hygiene-in-teens-2-packs-105ml-each-2-1684905033.jpg?dim=700x0&dpr=1&q=100
"Everteen Xl Cottony-Dry Sanitary Pads (Neem, Safflower) Pack Of 4, 20 Pads Each",₹400,https://cdn01.pharmeasy.in/dam/products_otc/L34238/everteen-xl-cottony-dry-sanitary-pads-neem-safflower-pack-of-4-20-pads-each-2-1684905355.jpg?dim=700x0&dpr=1&q=100
Sirona Reusable Sanitary Pads For Women - Pack Of 4 (3 Regular Pads + 1 Overnight Pad),₹499,https://cdn01.pharmeasy.in/dam/products_otc/L88903/sirona-reusable-sanitary-pads-for-women-pack-of-4-3-regular-pads-1-overnight-pad-2-1677245296.jpg?dim=700x0&dpr=1&q=100
Everteen Large Menstrual Cup For Periods In Women - 1 Pack (30ml Capacity),₹455,https://cdn01.pharmeasy.in/dam/products_otc/L73216/everteen-large-menstrual-cup-for-periods-in-women-1-pack-30ml-capacity-2-1713428418.jpg?dim=700x0&dpr=1&q=100
Wonderize Soft Comfort Xl Sanitary Napkins For Women - 15 Pads - With Disposable Pouch,₹125,https://cdn01.pharmeasy.in/dam/products_otc/X58399/wonderize-soft-comfort-xl-sanitary-napkins-for-women-15-pads-with-disposable-pouch-2-1681298217.jpg?dim=700x0&dpr=1&q=100
Pee Safe Organic Cotton Tampon (Super) - 16 N,₹320,https://cdn01.pharmeasy.in/dam/products_otc/I48611/pee-safe-organic-cotton-tampon-super-16-n-2-1632777214.jpg?dim=700x0&dpr=1&q=100
Mom & World Skin Bio Therapy Oil For Stretch Marks Scars & Skin Toning 200 Ml,₹899,https://cdn01.pharmeasy.in/dam/products_otc/P39826/mom-world-skin-bio-therapy-oil-for-stretch-marks-scars-skin-toning-200-ml-2-1681452457.jpg?dim=700x0&dpr=1&q=100
R For Rabbit First Feed Comfort Plus Breast Pump White,₹4293,https://cdn01.pharmeasy.in/dam/products_otc/P04726/r-for-rabbit-first-feed-comfort-plus-breast-pump-white-2-1671743887.jpg?dim=700x0&dpr=1&q=100
"Wonderize Soft Comfort Cotton Sanitary Napkins For Women 70 Sanitary Pads (Combo Of 10) - 275mm, Xl",₹400,https://cdn01.pharmeasy.in/dam/products_otc/H60964/wonderize-soft-comfort-cotton-sanitary-napkins-for-women-70-sanitary-pads-combo-of-10-275mm-xl-2-1681298287.jpg?dim=700x0&dpr=1&q=100
Everteen Small Menstrual Cup For Periods In Women - 1 Pack (23ml Capacity),₹435,https://cdn01.pharmeasy.in/dam/products_otc/M21174/everteen-small-menstrual-cup-for-periods-in-women-1-pack-23ml-capacity-2-1713428407.jpg?dim=700x0&dpr=1&q=100
Amrutanjan Comfy Snug Fit Regular Box Of 16 Tampons,N/A,https://cdn01.pharmeasy.in/dam/products_otc/G01897/amrutanjan-comfy-snug-fit-regular-box-of-16-tampons-2-1697103470.jpg?dim=700x0&dpr=1&q=100
"Everteen Daily Panty Liners With Antibacterial Strip|Light Discharge & Leakage - 3 Packs, 30pcs Each",₹498,https://cdn01.pharmeasy.in/dam/products_otc/F48336/everteen-daily-panty-liners-with-antibacterial-striplight-discharge-leakage-3-packs-30pcs-each-2-1684905130.jpg?dim=700x0&dpr=1&q=100
Bbold Menstrual Cups For Women - White - Extra Small,₹499,https://cdn01.pharmeasy.in/dam/products_otc/J13416/bbold-menstrual-cups-for-women-white-extra-small-2-1694150012.jpg?dim=700x0&dpr=1&q=100
Pee Safe Viscose Tampons For Periods | Regular Flow | Fragrance Free | Fda Approved | Pack Of 20,₹279,https://cdn01.pharmeasy.in/dam/products_otc/Q36056/pee-safe-viscose-tampons-for-periods-regular-flow-fragrance-free-fda-approved-pack-of-20-2-1721023727.jpg?dim=700x0&dpr=1&q=100
"Everteen Xl Cottony-Soft Sanitary Pads (Neem, Safflower) Pack Of 3, 20 Pads Each",₹285,https://cdn01.pharmeasy.in/dam/products_otc/M92013/everteen-xl-cottony-soft-sanitary-pads-neem-safflower-pack-of-3-20-pads-each-2-1687429161.jpg?dim=700x0&dpr=1&q=100
"Vigini Vaginal V Intimate Whitening Feminine Hygiene Gel, Breast Enlargement Bust Firming Tightening",₹1050,https://cdn01.pharmeasy.in/dam/products_otc/J58789/vigini-vaginal-v-intimate-whitening-feminine-hygiene-gel-breast-enlargement-bust-firming-tightening-2-1670995040.jpg?dim=700x0&dpr=1&q=100
Sheneed Feminine Vaginal Douche-Odor Control - 133 Ml,₹399,https://cdn01.pharmeasy.in/dam/products_otc/A22773/sheneed-feminine-vaginal-douche-odor-control-133-ml-2-1671745028.jpg?dim=700x0&dpr=1&q=100
